"game_date","season","game_type","season_game","team","opponent","location","personal_foul","points","game_score","result","score_diff"
2006-11-01,"2006/07","Reg Season",1,"CLE","WAS","Home",2,30,15.3,"Win",3
2006-11-03,"2006/07","Reg Season",2,"CLE","SAS","Away",3,37,25.1,"Win",7
2006-11-04,"2006/07","Reg Season",3,"CLE","CHA","Away",0,18,15.6,"Loss",-4
2006-11-07,"2006/07","Reg Season",4,"CLE","ATL","Home",1,40,25.2,"Loss",-9
2006-11-09,"2006/07","Reg Season",5,"CLE","CHI","Home",0,19,22.9,"Win",19
2006-11-11,"2006/07","Reg Season",6,"CLE","BOS","Home",4,40,33.8,"Win",1
2006-11-13,"2006/07","Reg Season",7,"CLE","NYK","Away",2,35,22.8,"Win",6
2006-11-15,"2006/07","Reg Season",8,"CLE","POR","Home",2,38,29.6,"Win",13
2006-11-17,"2006/07","Reg Season",9,"CLE","MIN","Home",1,41,29.5,"Win",16
2006-11-18,"2006/07","Reg Season",10,"CLE","WAS","Away",2,20,12.1,"Loss",-12
2006-11-21,"2006/07","Reg Season",11,"CLE","MEM","Home",1,17,9.6,"Win",3
2006-11-22,"2006/07","Reg Season",12,"CLE","TOR","Away",1,34,26.6,"Loss",-8
2006-11-24,"2006/07","Reg Season",13,"CLE","IND","Away",6,34,22.6,"Loss",-10
2006-11-25,"2006/07","Reg Season",14,"CLE","PHI","Home",4,27,14.8,"Win",13
2006-11-29,"2006/07","Reg Season",15,"CLE","NYK","Home",1,27,16,"Loss",-3
2006-12-01,"2006/07","Reg Season",16,"CLE","ATL","Away",4,33,25.4,"Win",11
2006-12-02,"2006/07","Reg Season",17,"CLE","HOU","Away",2,25,8.5,"Loss",-18
2006-12-06,"2006/07","Reg Season",18,"CLE","TOR","Home",1,28,22.8,"Win",4
2006-12-09,"2006/07","Reg Season",19,"CLE","IND","Home",0,29,24.4,"Win",32
2006-12-11,"2006/07","Reg Season",20,"CLE","NOK","Away",1,15,13.3,"Loss",-6
2006-12-13,"2006/07","Reg Season",21,"CLE","CHA","Home",1,22,15.1,"Win",3
2006-12-15,"2006/07","Reg Season",22,"CLE","SEA","Home",3,26,18.8,"Win",22
2006-12-16,"2006/07","Reg Season",23,"CLE","ORL","Away",4,33,19.4,"Loss",-7
2006-12-20,"2006/07","Reg Season",24,"CLE","NJN","Away",4,39,27.6,"Loss",-2
2006-12-21,"2006/07","Reg Season",25,"CLE","DET","Home",1,26,23.5,"Loss",-16
2006-12-23,"2006/07","Reg Season",26,"CLE","ORL","Home",1,36,15.5,"Win",3
2006-12-27,"2006/07","Reg Season",27,"CLE","ATL","Away",1,29,18.9,"Win",13
2006-12-29,"2006/07","Reg Season",28,"CLE","MIL","Home",5,36,21.5,"Win",10
2006-12-30,"2006/07","Reg Season",29,"CLE","CHI","Away",4,39,19.6,"Loss",-7
2007-01-02,"2006/07","Reg Season",30,"CLE","SAS","Home",1,19,11.1,"Win",4
2007-01-03,"2006/07","Reg Season",31,"CLE","BOS","Away",0,36,27.3,"Win",3
2007-01-05,"2006/07","Reg Season",32,"CLE","MIL","Away",1,8,6.5,"Win",9
2007-01-06,"2006/07","Reg Season",33,"CLE","NJN","Home",4,21,13.1,"Win",5
2007-01-09,"2006/07","Reg Season",34,"CLE","SAC","Away",3,40,26.4,"Win",10
2007-01-11,"2006/07","Reg Season",35,"CLE","PHO","Away",2,40,22,"Loss",-19
2007-01-13,"2006/07","Reg Season",36,"CLE","LAC","Away",4,28,19.7,"Win",12
2007-01-16,"2006/07","Reg Season",37,"CLE","SEA","Away",0,32,24.5,"Loss",-5
2007-01-17,"2006/07","Reg Season",38,"CLE","POR","Away",0,25,10.1,"Loss",-18
2007-01-19,"2006/07","Reg Season",39,"CLE","DEN","Away",2,30,25.7,"Loss",-11
2007-01-20,"2006/07","Reg Season",40,"CLE","GSW","Away",2,36,20.8,"Win",2
2007-01-22,"2006/07","Reg Season",41,"CLE","ORL","Home",2,18,12,"Loss",-11
2007-01-24,"2006/07","Reg Season",42,"CLE","PHI","Home",2,45,27.9,"Loss",-3
2007-01-28,"2006/07","Reg Season",43,"CLE","PHO","Home",2,36,23.4,"Loss",-15
2007-02-01,"2006/07","Reg Season",44,"CLE","MIA","Away",4,21,10.7,"Loss",-3
2007-02-02,"2006/07","Reg Season",45,"CLE","CHA","Home",1,18,16.2,"Win",20
2007-02-04,"2006/07","Reg Season",46,"CLE","DET","Home",2,23,12.7,"Loss",-12
2007-02-07,"2006/07","Reg Season",47,"CLE","LAC","Home",1,13,7,"Win",17
2007-02-09,"2006/07","Reg Season",48,"CLE","MIA","Home",1,31,21.1,"Win",24
2007-02-11,"2006/07","Reg Season",49,"CLE","LAL","Home",3,18,13,"Win",9
2007-02-14,"2006/07","Reg Season",50,"CLE","UTA","Away",2,23,16.8,"Loss",-1
2007-02-15,"2006/07","Reg Season",51,"CLE","LAL","Away",4,38,30.9,"Win",6
2007-02-21,"2006/07","Reg Season",52,"CLE","TOR","Away",3,29,16.4,"Win",1
2007-02-22,"2006/07","Reg Season",53,"CLE","CHI","Home",1,31,16.5,"Loss",-6
2007-02-25,"2006/07","Reg Season",54,"CLE","MIA","Away",2,33,19.3,"Loss",-5
2007-02-27,"2006/07","Reg Season",55,"CLE","NOK","Home",1,41,29.8,"Win",8
2007-03-01,"2006/07","Reg Season",56,"CLE","DAL","Away",2,41,26.9,"Loss",-3
2007-03-03,"2006/07","Reg Season",57,"CLE","TOR","Home",1,38,31.4,"Win",23
2007-03-05,"2006/07","Reg Season",58,"CLE","HOU","Home",2,38,24.2,"Win",6
2007-03-07,"2006/07","Reg Season",59,"CLE","DET","Away",4,43,31.9,"Win",4
2007-03-10,"2006/07","Reg Season",60,"CLE","MIL","Away",5,40,25.8,"Win",2
2007-03-11,"2006/07","Reg Season",61,"CLE","IND","Home",2,30,22.6,"Win",11
2007-03-14,"2006/07","Reg Season",62,"CLE","MEM","Away",0,37,26.3,"Win",22
2007-03-17,"2006/07","Reg Season",63,"CLE","UTA","Home",3,24,20.9,"Win",9
2007-03-20,"2006/07","Reg Season",64,"CLE","CHA","Away",4,41,25,"Loss",-8
2007-03-21,"2006/07","Reg Season",65,"CLE","DAL","Home",3,33,17.3,"Loss",-8
2007-03-23,"2006/07","Reg Season",66,"CLE","NYK","Home",1,21,21.5,"Win",22
2007-03-25,"2006/07","Reg Season",67,"CLE","DEN","Home",4,20,8.8,"Loss",-12
2007-03-27,"2006/07","Reg Season",68,"CLE","IND","Away",4,26,19.1,"Win",11
2007-03-28,"2006/07","Reg Season",69,"CLE","NYK","Away",3,28,15.7,"Loss",-4
2007-03-31,"2006/07","Reg Season",70,"CLE","CHI","Away",4,39,28.9,"Win",4
2007-04-03,"2006/07","Reg Season",71,"CLE","MIN","Away",1,31,30.3,"Win",13
2007-04-05,"2006/07","Reg Season",72,"CLE","MIA","Home",4,39,25.3,"Loss",-4
2007-04-06,"2006/07","Reg Season",73,"CLE","WAS","Away",3,25,14.3,"Win",5
2007-04-08,"2006/07","Reg Season",74,"CLE","DET","Away",2,22,11.3,"Loss",-5
2007-04-12,"2006/07","Reg Season",75,"CLE","NJN","Home",1,35,27.2,"Win",18
2007-04-14,"2006/07","Reg Season",76,"CLE","ATL","Home",1,29,22,"Win",34
2007-04-17,"2006/07","Reg Season",77,"CLE","PHI","Away",3,18,13,"Win",6
2007-04-18,"2006/07","Reg Season",78,"CLE","MIL","Home",2,26,20,"Win",13
2013-10-29,"2013/14","Reg Season",1,"MIA","CHI","Home",0,17,16.9,"Win",12
2013-10-30,"2013/14","Reg Season",2,"MIA","PHI","Away",3,33,21.4,"Loss",-4
2013-11-01,"2013/14","Reg Season",3,"MIA","BRK","Away",2,28,19.9,"Loss",-1
2013-11-03,"2013/14","Reg Season",4,"MIA","WAS","Home",2,31,17,"Win",10
2013-11-05,"2013/14","Reg Season",5,"MIA","TOR","Away",2,37,33.9,"Win",9
2013-11-07,"2013/14","Reg Season",6,"MIA","LAC","Home",4,20,10.8,"Win",5
2013-11-09,"2013/14","Reg Season",7,"MIA","BOS","Home",1,25,23.1,"Loss",-1
2013-11-12,"2013/14","Reg Season",8,"MIA","MIL","Home",0,41,21.6,"Win",23
2013-11-15,"2013/14","Reg Season",9,"MIA","DAL","Home",0,41,31.2,"Win",6
2013-11-16,"2013/14","Reg Season",10,"MIA","CHA","Away",1,30,27.4,"Win",16
2013-11-19,"2013/14","Reg Season",11,"MIA","ATL","Home",0,13,9.6,"Win",16
2013-11-20,"2013/14","Reg Season",12,"MIA","ORL","Away",0,21,20.1,"Win",28
2013-11-23,"2013/14","Reg Season",13,"MIA","ORL","Home",0,28,22.5,"Win",2
2013-11-25,"2013/14","Reg Season",14,"MIA","PHO","Home",0,39,31.6,"Win",15
2013-11-27,"2013/14","Reg Season",15,"MIA","CLE","Away",3,30,26.3,"Win",11
2013-11-29,"2013/14","Reg Season",16,"MIA","TOR","Away",2,33,20.5,"Win",7
2013-12-01,"2013/14","Reg Season",17,"MIA","CHA","Home",0,28,22.7,"Win",1
2013-12-03,"2013/14","Reg Season",18,"MIA","DET","Home",2,27,17.3,"Loss",-10
2013-12-05,"2013/14","Reg Season",19,"MIA","CHI","Away",2,23,15.2,"Loss",-20
2013-12-07,"2013/14","Reg Season",20,"MIA","MIN","Away",3,21,20.6,"Win",21
2013-12-08,"2013/14","Reg Season",21,"MIA","DET","Away",2,24,21.1,"Win",15
2013-12-10,"2013/14","Reg Season",22,"MIA","IND","Away",3,19,12,"Loss",-6
2013-12-14,"2013/14","Reg Season",23,"MIA","CLE","Home",2,25,30,"Win",7
2013-12-16,"2013/14","Reg Season",24,"MIA","UTA","Home",1,30,29.9,"Win",23
2013-12-18,"2013/14","Reg Season",25,"MIA","IND","Home",3,26,23.8,"Win",3
2013-12-20,"2013/14","Reg Season",26,"MIA","SAC","Home",1,20,21.6,"Win",19
2013-12-23,"2013/14","Reg Season",27,"MIA","ATL","Home",2,46,32.6,"Win",2
2013-12-25,"2013/14","Reg Season",28,"MIA","LAL","Away",2,19,12.8,"Win",6
2013-12-27,"2013/14","Reg Season",29,"MIA","SAC","Away",3,41,26.1,"Loss",-5
2013-12-30,"2013/14","Reg Season",30,"MIA","DEN","Away",0,36,23.4,"Win",3
2014-01-02,"2013/14","Reg Season",31,"MIA","GSW","Home",0,28,15.3,"Loss",-9
2014-01-04,"2013/14","Reg Season",32,"MIA","ORL","Away",1,15,12.7,"Win",16
2014-01-05,"2013/14","Reg Season",33,"MIA","TOR","Home",1,30,26.5,"Win",5
2014-01-07,"2013/14","Reg Season",34,"MIA","NOP","Home",1,38,25.2,"Win",19
2014-01-09,"2013/14","Reg Season",35,"MIA","NYK","Away",2,34,23.9,"Loss",-10
2014-01-10,"2013/14","Reg Season",36,"MIA","BRK","Away",6,40,25.7,"Loss",-9
2014-01-15,"2013/14","Reg Season",37,"MIA","WAS","Away",1,25,20.9,"Loss",-17
2014-01-17,"2013/14","Reg Season",38,"MIA","PHI","Away",3,21,22.6,"Win",15
2014-01-18,"2013/14","Reg Season",39,"MIA","CHA","Away",4,34,25.7,"Win",8
2014-01-20,"2013/14","Reg Season",40,"MIA","ATL","Away",1,36,21.9,"Loss",-7
2014-01-21,"2013/14","Reg Season",41,"MIA","BOS","Home",1,29,23.1,"Win",7
2014-01-23,"2013/14","Reg Season",42,"MIA","LAL","Home",1,31,22.2,"Win",7
2014-01-26,"2013/14","Reg Season",43,"MIA","SAS","Home",4,20,12.4,"Win",12
2014-01-29,"2013/14","Reg Season",44,"MIA","OKC","Home",1,36,24.8,"Loss",-17
2014-02-01,"2013/14","Reg Season",45,"MIA","NYK","Away",3,32,29.1,"Win",15
2014-02-03,"2013/14","Reg Season",46,"MIA","DET","Home",1,24,26,"Win",6
2014-02-05,"2013/14","Reg Season",47,"MIA","LAC","Away",2,37,27.7,"Win",4
2014-02-08,"2013/14","Reg Season",48,"MIA","UTA","Away",2,15,4.5,"Loss",-5
2014-02-11,"2013/14","Reg Season",49,"MIA","PHO","Away",2,41,30.6,"Win",6
2014-02-12,"2013/14","Reg Season",50,"MIA","GSW","Away",1,44,32.4,"Win",1
2014-02-18,"2013/14","Reg Season",51,"MIA","DAL","Away",2,50,37.4,"Win",11
2014-02-20,"2013/14","Reg Season",52,"MIA","OKC","Away",1,35,22.6,"Win",22
2014-02-27,"2013/14","Reg Season",53,"MIA","NYK","Home",0,33,25.1,"Win",26
2014-03-01,"2013/14","Reg Season",54,"MIA","ORL","Home",1,20,24,"Win",14
2014-03-03,"2013/14","Reg Season",55,"MIA","CHA","Home",2,77,48.8,"Win",17
2014-03-04,"2013/14","Reg Season",56,"MIA","HOU","Away",1,22,18.7,"Loss",-3
2014-03-06,"2013/14","Reg Season",57,"MIA","SAS","Away",5,19,11.5,"Loss",-24
2014-03-09,"2013/14","Reg Season",58,"MIA","CHI","Away",1,19,12.1,"Loss",-7
2014-03-10,"2013/14","Reg Season",59,"MIA","WAS","Home",3,29,23.8,"Win",9
2014-03-12,"2013/14","Reg Season",60,"MIA","BRK","Home",1,21,15.1,"Loss",-1
2014-03-14,"2013/14","Reg Season",61,"MIA","DEN","Home",3,21,13.3,"Loss",-4
2014-03-16,"2013/14","Reg Season",62,"MIA","HOU","Home",3,26,16.4,"Win",9
2014-03-18,"2013/14","Reg Season",63,"MIA","CLE","Away",1,55,42,"Win",4
2014-03-21,"2013/14","Reg Season",64,"MIA","MEM","Home",0,15,14.4,"Win",5
2014-03-22,"2013/14","Reg Season",65,"MIA","NOP","Away",1,29,22.8,"Loss",-10
2014-03-24,"2013/14","Reg Season",66,"MIA","POR","Home",2,32,25,"Win",2
2014-03-26,"2013/14","Reg Season",67,"MIA","IND","Away",3,42,27.4,"Loss",-1
2014-03-28,"2013/14","Reg Season",68,"MIA","DET","Away",0,19,22.9,"Win",32
2014-03-29,"2013/14","Reg Season",69,"MIA","MIL","Away",1,15,7.1,"Win",21
2014-03-31,"2013/14","Reg Season",70,"MIA","TOR","Home",2,34,23.5,"Win",10
2014-04-02,"2013/14","Reg Season",71,"MIA","MIL","Home",0,19,16.7,"Win",19
2014-04-04,"2013/14","Reg Season",72,"MIA","MIN","Home",5,38,26.6,"Loss",-1
2014-04-06,"2013/14","Reg Season",73,"MIA","NYK","Home",0,44,28.3,"Win",11
2014-04-08,"2013/14","Reg Season",74,"MIA","BRK","Home",0,29,26.8,"Loss",-1
2014-04-09,"2013/14","Reg Season",75,"MIA","MEM","Away",1,43,28.4,"Loss",-5
2014-04-11,"2013/14","Reg Season",76,"MIA","IND","Home",1,40,28.2,"Win",12
2014-04-12,"2013/14","Reg Season",77,"MIA","ATL","Away",2,33,18,"Loss",-13
2014-10-30,"2014/15","Reg Season",1,"CLE","NYK","Home",3,19,3.2,"Loss",-5
2014-10-31,"2014/15","Reg Season",2,"CLE","CHI","Away",1,38,27.4,"Win",6
2014-11-04,"2014/15","Reg Season",3,"CLE","POR","Away",2,15,8.8,"Loss",-19
2014-11-05,"2014/15","Reg Season",4,"CLE","UTA","Away",2,37,23.5,"Loss",-2
2014-11-07,"2014/15","Reg Season",5,"CLE","DEN","Away",1,24,20.3,"Win",9
2014-11-10,"2014/15","Reg Season",6,"CLE","NOP","Home",1,34,29.8,"Win",7
2014-11-14,"2014/15","Reg Season",7,"CLE","BOS","Away",4,47,29.5,"Win",1
2014-11-15,"2014/15","Reg Season",8,"CLE","ATL","Home",1,40,27.2,"Win",33
2014-11-17,"2014/15","Reg Season",9,"CLE","DEN","Home",2,24,14.6,"Loss",-9
2014-11-19,"2014/15","Reg Season",10,"CLE","SAS","Home",3,19,10.3,"Loss",-2
2014-11-21,"2014/15","Reg Season",11,"CLE","WAS","Away",0,26,13.2,"Loss",-13
2014-11-22,"2014/15","Reg Season",12,"CLE","TOR","Home",2,17,11.8,"Loss",-17
2014-11-24,"2014/15","Reg Season",13,"CLE","ORL","Home",0,33,31.2,"Win",32
2014-11-26,"2014/15","Reg Season",14,"CLE","WAS","Home",3,31,27.6,"Win",26
2014-11-29,"2014/15","Reg Season",15,"CLE","IND","Home",1,19,12.7,"Win",12
2014-12-02,"2014/15","Reg Season",16,"CLE","MIL","Home",1,26,16.6,"Win",3
2014-12-04,"2014/15","Reg Season",17,"CLE","NYK","Away",2,21,16.2,"Win",3
2014-12-05,"2014/15","Reg Season",18,"CLE","TOR","Away",2,28,24.3,"Win",14
2014-12-08,"2014/15","Reg Season",19,"CLE","BRK","Away",2,20,14.2,"Win",22
2014-12-09,"2014/15","Reg Season",20,"CLE","TOR","Home",1,39,29.9,"Win",4
2014-12-12,"2014/15","Reg Season",21,"CLE","NOP","Away",1,45,33.1,"Loss",-5
2014-12-15,"2014/15","Reg Season",22,"CLE","CHO","Home",2,31,26.9,"Win",9
2014-12-17,"2014/15","Reg Season",23,"CLE","ATL","Home",0,21,14.5,"Loss",-29
2014-12-19,"2014/15","Reg Season",24,"CLE","BRK","Home",4,26,15.7,"Win",4
2014-12-21,"2014/15","Reg Season",25,"CLE","MEM","Home",1,31,20.6,"Win",14
2014-12-23,"2014/15","Reg Season",26,"CLE","MIN","Home",3,32,18.8,"Win",21
2014-12-25,"2014/15","Reg Season",27,"CLE","MIA","Away",1,34,21.6,"Loss",-10
2014-12-26,"2014/15","Reg Season",28,"CLE","ORL","Away",1,29,24.3,"Win",9
2014-12-28,"2014/15","Reg Season",29,"CLE","DET","Home",3,21,6.8,"Loss",-23
2015-01-13,"2014/15","Reg Season",30,"CLE","PHO","Away",3,39,23.6,"Loss",-7
2015-01-15,"2014/15","Reg Season",31,"CLE","LAL","Away",2,44,28,"Win",7
2015-01-16,"2014/15","Reg Season",32,"CLE","LAC","Away",4,38,18.9,"Win",5
2015-01-19,"2014/15","Reg Season",33,"CLE","CHI","Home",4,26,11.4,"Win",14
2015-01-21,"2014/15","Reg Season",34,"CLE","UTA","Home",0,26,22.6,"Win",14
2015-01-23,"2014/15","Reg Season",35,"CLE","CHO","Home",1,29,28.5,"Win",39
2015-01-25,"2014/15","Reg Season",36,"CLE","OKC","Home",1,38,25.3,"Win",10
2015-01-27,"2014/15","Reg Season",37,"CLE","DET","Away",3,32,21.7,"Win",8
2015-01-30,"2014/15","Reg Season",38,"CLE","SAC","Home",1,21,14.6,"Win",11
2015-01-31,"2014/15","Reg Season",39,"CLE","MIN","Away",1,42,27.7,"Win",16
2015-02-02,"2014/15","Reg Season",40,"CLE","PHI","Home",2,20,11.9,"Win",13
2015-02-05,"2014/15","Reg Season",41,"CLE","LAC","Home",0,25,22.2,"Win",11
2015-02-06,"2014/15","Reg Season",42,"CLE","IND","Away",3,25,12.9,"Loss",-4
2015-02-08,"2014/15","Reg Season",43,"CLE","LAL","Home",2,26,17.2,"Win",15
2015-02-11,"2014/15","Reg Season",44,"CLE","MIA","Home",2,18,11.6,"Win",20
2015-02-12,"2014/15","Reg Season",45,"CLE","CHI","Away",3,35,12.3,"Loss",-15
2015-02-20,"2014/15","Reg Season",46,"CLE","WAS","Away",3,34,20.8,"Win",38
2015-02-22,"2014/15","Reg Season",47,"CLE","NYK","Away",2,20,12.3,"Win",18
2015-02-24,"2014/15","Reg Season",48,"CLE","DET","Away",3,21,13.3,"Win",9
2015-02-26,"2014/15","Reg Season",49,"CLE","GSW","Home",5,50,32.2,"Win",11
2015-03-01,"2014/15","Reg Season",50,"CLE","HOU","Away",4,45,20.8,"Loss",-2
2015-03-03,"2014/15","Reg Season",51,"CLE","BOS","Home",0,27,23.2,"Win",31
2015-03-04,"2014/15","Reg Season",52,"CLE","TOR","Away",2,35,27.6,"Win",8
2015-03-06,"2014/15","Reg Season",53,"CLE","ATL","Away",3,20,10.8,"Loss",-9
2015-03-07,"2014/15","Reg Season",54,"CLE","PHO","Home",3,21,10.2,"Win",10
2015-03-10,"2014/15","Reg Season",55,"CLE","DAL","Away",3,35,26.6,"Win",33
2015-03-12,"2014/15","Reg Season",56,"CLE","SAS","Away",2,37,25.5,"Win",3
2015-03-15,"2014/15","Reg Season",57,"CLE","ORL","Away",3,21,27.8,"Win",15
2015-03-16,"2014/15","Reg Season",58,"CLE","MIA","Away",2,34,14.1,"Loss",-14
2015-03-18,"2014/15","Reg Season",59,"CLE","BRK","Home",1,20,12.9,"Win",25
2015-03-20,"2014/15","Reg Season",60,"CLE","IND","Home",0,33,18.2,"Win",3
2015-03-22,"2014/15","Reg Season",61,"CLE","MIL","Away",1,30,28.4,"Win",18
2015-03-25,"2014/15","Reg Season",62,"CLE","MEM","Away",2,26,16,"Win",22
2015-03-27,"2014/15","Reg Season",63,"CLE","BRK","Away",4,28,24.8,"Loss",-8
2015-03-29,"2014/15","Reg Season",64,"CLE","PHI","Home",0,22,9.2,"Win",1
2015-04-02,"2014/15","Reg Season",65,"CLE","MIA","Home",3,25,21.6,"Win",26
2015-04-05,"2014/15","Reg Season",66,"CLE","CHI","Home",4,22,21.4,"Win",5
2015-04-08,"2014/15","Reg Season",67,"CLE","MIL","Away",2,25,21.3,"Win",5
2015-04-10,"2014/15","Reg Season",68,"CLE","BOS","Home",1,14,7.6,"Loss",-9
2015-04-13,"2014/15","Reg Season",69,"CLE","DET","Home",0,27,24.7,"Win",12
2018-10-18,"2018/19","Reg Season",1,"LAL","POR","Away",3,26,20.4,"Loss",-9
2018-10-20,"2018/19","Reg Season",2,"LAL","HOU","Home",0,26,18.1,"Loss",-9
2018-10-22,"2018/19","Reg Season",3,"LAL","SAS","Home",2,36,26.6,"Loss",-1
2018-10-24,"2018/19","Reg Season",4,"LAL","PHO","Away",1,21,22.3,"Win",18
2018-10-25,"2018/19","Reg Season",5,"LAL","DEN","Home",3,30,29.7,"Win",7
2018-10-27,"2018/19","Reg Season",6,"LAL","SAS","Away",3,39,28.4,"Loss",-4
2018-10-29,"2018/19","Reg Season",7,"LAL","MIN","Away",2,35,24.3,"Loss",-4
2018-10-31,"2018/19","Reg Season",8,"LAL","DAL","Home",3,33,23.8,"Win",1
2018-11-03,"2018/19","Reg Season",9,"LAL","POR","Away",1,30,21.2,"Win",4
2018-11-04,"2018/19","Reg Season",10,"LAL","TOR","Home",3,22,12.1,"Loss",-14
2018-11-07,"2018/19","Reg Season",11,"LAL","MIN","Home",1,30,20.9,"Win",4
2018-11-10,"2018/19","Reg Season",12,"LAL","SAC","Away",2,31,17.1,"Win",15
2018-11-11,"2018/19","Reg Season",13,"LAL","ATL","Home",1,32,18.1,"Win",1
2018-11-14,"2018/19","Reg Season",14,"LAL","POR","Home",0,54,44.3,"Win",9
2018-11-17,"2018/19","Reg Season",15,"LAL","ORL","Away",0,28,15.3,"Loss",-13
2018-11-18,"2018/19","Reg Season",16,"LAL","MIA","Away",3,63,40.1,"Win",16
2018-11-21,"2018/19","Reg Season",17,"LAL","CLE","Away",3,36,26.2,"Win",4
2018-11-23,"2018/19","Reg Season",18,"LAL","UTA","Home",1,26,18.1,"Win",7
2018-11-25,"2018/19","Reg Season",19,"LAL","ORL","Home",4,28,14.6,"Loss",-4
2018-11-27,"2018/19","Reg Season",20,"LAL","DEN","Away",0,14,7.6,"Loss",-32
2018-11-29,"2018/19","Reg Season",21,"LAL","IND","Home",2,42,28.7,"Win",8
2018-11-30,"2018/19","Reg Season",22,"LAL","DAL","Home",3,32,17.9,"Win",11
2018-12-02,"2018/19","Reg Season",23,"LAL","PHO","Home",0,24,16.4,"Win",24
2018-12-05,"2018/19","Reg Season",24,"LAL","SAS","Home",1,48,34.9,"Win",8
2018-12-07,"2018/19","Reg Season",25,"LAL","SAS","Away",4,41,29.7,"Loss",-13
2018-12-08,"2018/19","Reg Season",26,"LAL","MEM","Away",2,20,15.9,"Win",23
2018-12-10,"2018/19","Reg Season",27,"LAL","MIA","Home",0,36,27.2,"Win",3
2018-12-13,"2018/19","Reg Season",28,"LAL","HOU","Away",1,35,22.5,"Loss",-15
2018-12-15,"2018/19","Reg Season",29,"LAL","CHO","Away",0,28,24.4,"Win",28
2018-12-16,"2018/19","Reg Season",30,"LAL","WAS","Away",0,13,3.2,"Loss",-18
2018-12-18,"2018/19","Reg Season",31,"LAL","BRK","Away",1,40,29.3,"Loss",-5
2018-12-21,"2018/19","Reg Season",32,"LAL","NOP","Home",3,22,23,"Win",8
2018-12-23,"2018/19","Reg Season",33,"LAL","MEM","Home",0,26,22.6,"Loss",-8
2018-12-25,"2018/19","Reg Season",34,"LAL","GSW","Away",1,17,17.3,"Win",26
2019-01-31,"2018/19","Reg Season",35,"LAL","LAC","Away",0,26,19.3,"Win",3
2019-02-05,"2018/19","Reg Season",36,"LAL","IND","Away",1,22,15,"Loss",-42
2019-02-07,"2018/19","Reg Season",37,"LAL","BOS","Away",4,38,27.3,"Win",1
2019-02-10,"2018/19","Reg Season",38,"LAL","PHI","Away",3,22,14.1,"Loss",-23
2019-02-12,"2018/19","Reg Season",39,"LAL","ATL","Away",3,34,32.2,"Loss",-4
2019-02-21,"2018/19","Reg Season",40,"LAL","HOU","Home",1,29,22.8,"Win",5
2019-02-23,"2018/19","Reg Season",41,"LAL","NOP","Away",0,33,29.1,"Loss",-13
2019-02-25,"2018/19","Reg Season",42,"LAL","MEM","Away",3,24,19.6,"Loss",-5
2019-02-27,"2018/19","Reg Season",43,"LAL","NOP","Home",2,41,28.5,"Win",6
2019-03-01,"2018/19","Reg Season",44,"LAL","MIL","Home",2,37,28,"Loss",-11
2019-03-02,"2018/19","Reg Season",45,"LAL","PHO","Away",2,35,24.8,"Loss",-9
2019-03-04,"2018/19","Reg Season",46,"LAL","LAC","Home",3,29,21.5,"Loss",-8
2019-03-06,"2018/19","Reg Season",47,"LAL","DEN","Home",4,35,21.9,"Loss",-16
2019-03-09,"2018/19","Reg Season",48,"LAL","BOS","Home",0,32,26.7,"Loss",-13
2019-03-12,"2018/19","Reg Season",49,"LAL","CHI","Away",2,40,27.9,"Win",16
2019-03-14,"2018/19","Reg Season",50,"LAL","TOR","Away",2,31,18.1,"Loss",-13
2019-03-17,"2018/19","Reg Season",51,"LAL","NYK","Away",2,33,24.5,"Loss",-1
2019-03-22,"2018/19","Reg Season",52,"LAL","BRK","Home",3,27,15.3,"Loss",-5
2019-03-24,"2018/19","Reg Season",53,"LAL","SAC","Home",1,35,26.9,"Win",5
2019-03-26,"2018/19","Reg Season",54,"LAL","WAS","Home",1,25,22.1,"Win",18
2019-03-29,"2018/19","Reg Season",55,"LAL","CHO","Home",1,35,18.5,"Win",14
2007-04-22,"2006","1st Round",1,"CLE","WAS","Home",1,23,24.2,"Win",15
2007-04-25,"2006","1st Round",2,"CLE","WAS","Home",2,27,22.5,"Win",7
2007-04-28,"2006","1st Round",3,"CLE","WAS","Away",3,36,24.1,"Win",6
2007-04-30,"2006","1st Round",4,"CLE","WAS","Away",3,33,27.5,"Win",7
2007-05-06,"2006","Conf Semis",5,"CLE","NJN","Home",2,23,15.6,"Win",4
2007-05-08,"2006","Conf Semis",6,"CLE","NJN","Home",2,42,31.3,"Win",10
2007-05-12,"2006","Conf Semis",7,"CLE","NJN","Away",2,20,16.2,"Loss",-11
2007-05-14,"2006","Conf Semis",8,"CLE","NJN","Away",1,34,24.6,"Win",2
2007-05-16,"2006","Conf Semis",9,"CLE","NJN","Home",4,20,15.3,"Loss",-11
2007-05-18,"2006","Conf Semis",10,"CLE","NJN","Away",4,25,16.8,"Win",16
2007-05-21,"2006","Conf Finals",11,"CLE","DET","Away",1,10,13.5,"Loss",-3
2007-05-24,"2006","Conf Finals",12,"CLE","DET","Away",1,19,11,"Loss",-3
2007-05-27,"2006","Conf Finals",13,"CLE","DET","Home",2,36,28.5,"Win",6
2007-05-29,"2006","Conf Finals",14,"CLE","DET","Home",0,27,24.3,"Win",4
2007-05-31,"2006","Conf Finals",15,"CLE","DET","Away",3,52,38.1,"Win",2
2007-06-02,"2006","Conf Finals",16,"CLE","DET","Home",1,20,22.1,"Win",16
2007-06-07,"2006","NBA Finals",17,"CLE","SAS","Away",1,18,5,"Loss",-9
2007-06-10,"2006","NBA Finals",18,"CLE","SAS","Away",3,25,13.6,"Loss",-11
2007-06-12,"2006","NBA Finals",19,"CLE","SAS","Home",3,25,15.9,"Loss",-3
2007-06-14,"2006","NBA Finals",20,"CLE","SAS","Home",1,28,7.8,"Loss",-1
2008-04-19,"2007","1st Round",1,"CLE","WAS","Home",1,32,26.7,"Win",7
2008-04-21,"2007","1st Round",2,"CLE","WAS","Home",2,34,29.6,"Win",30
2008-04-24,"2007","1st Round",3,"CLE","WAS","Away",3,22,12.6,"Loss",-36
2008-04-27,"2007","1st Round",4,"CLE","WAS","Away",5,40,23.2,"Win",3
2008-04-30,"2007","1st Round",5,"CLE","WAS","Home",0,40,27.4,"Loss",-1
2008-05-02,"2007","1st Round",6,"CLE","WAS","Away",2,29,33,"Win",17
2008-05-06,"2007","Conf Semis",7,"CLE","BOS","Away",4,12,-0.7,"Loss",-4
2008-05-08,"2007","Conf Semis",8,"CLE","BOS","Away",1,21,6.8,"Loss",-16
2008-05-10,"2007","Conf Semis",9,"CLE","BOS","Home",3,27,20.2,"Win",24
2008-05-12,"2007","Conf Semis",10,"CLE","BOS","Home",3,25,19.1,"Win",11
2008-05-14,"2007","Conf Semis",11,"CLE","BOS","Away",3,35,22.4,"Loss",-7
2008-05-16,"2007","Conf Semis",12,"CLE","BOS","Home",2,34,21.6,"Win",5
2008-05-18,"2007","Conf Semis",13,"CLE","BOS","Away",4,51,32.8,"Loss",-5
2009-04-18,"2008","1st Round",1,"CLE","DET","Home",1,40,35.9,"Win",18
2009-04-21,"2008","1st Round",2,"CLE","DET","Home",1,33,26.5,"Win",12
2009-04-24,"2008","1st Round",3,"CLE","DET","Away",0,25,26.5,"Win",11
2009-04-26,"2008","1st Round",4,"CLE","DET","Away",3,36,32.2,"Win",21
2009-05-05,"2008","Conf Semis",5,"CLE","ATL","Home",0,38,31.7,"Win",27
2009-05-07,"2008","Conf Semis",6,"CLE","ATL","Home",1,33,27.1,"Win",20
2009-05-09,"2008","Conf Semis",7,"CLE","ATL","Away",2,57,43.8,"Win",15
2009-05-11,"2008","Conf Semis",8,"CLE","ATL","Away",3,33,18.8,"Win",10
2009-05-20,"2008","Conf Finals",9,"CLE","ORL","Home",1,55,44.7,"Loss",-1
2009-05-22,"2008","Conf Finals",10,"CLE","ORL","Home",3,37,22.2,"Win",1
2009-05-24,"2008","Conf Finals",11,"CLE","ORL","Away",3,43,31.3,"Loss",-10
2009-05-26,"2008","Conf Finals",12,"CLE","ORL","Away",5,52,27.9,"Loss",-2
2009-05-28,"2008","Conf Finals",13,"CLE","ORL","Home",3,37,33.3,"Win",10
2009-05-30,"2008","Conf Finals",14,"CLE","ORL","Away",4,29,16.1,"Loss",-13
2010-04-17,"2009","1st Round",1,"CLE","CHI","Home",2,24,19.2,"Win",13
2010-04-19,"2009","1st Round",2,"CLE","CHI","Home",2,44,38.3,"Win",10
2010-04-22,"2009","1st Round",3,"CLE","CHI","Away",3,47,31.3,"Loss",-2
2010-04-25,"2009","1st Round",4,"CLE","CHI","Away",3,49,39.9,"Win",23
2010-04-27,"2009","1st Round",5,"CLE","CHI","Home",1,21,18.7,"Win",2
2010-05-01,"2009","Conf Semis",6,"CLE","BOS","Home",1,41,31.6,"Win",8
2010-05-03,"2009","Conf Semis",7,"CLE","BOS","Home",1,24,18.2,"Loss",-18
2010-05-07,"2009","Conf Semis",8,"CLE","BOS","Away",1,42,36.9,"Win",29
2010-05-09,"2009","Conf Semis",9,"CLE","BOS","Away",4,22,13.8,"Loss",-10
2010-05-11,"2009","Conf Semis",10,"CLE","BOS","Home",3,15,9.1,"Loss",-32
2010-05-13,"2009","Conf Semis",11,"CLE","BOS","Away",2,31,22.1,"Loss",-9
2011-04-16,"2010","1st Round",1,"MIA","PHI","Home",3,21,21.6,"Win",8
2011-04-18,"2010","1st Round",2,"MIA","PHI","Home",1,31,25.2,"Win",21
2011-04-21,"2010","1st Round",3,"MIA","PHI","Away",1,26,24.2,"Win",6
2011-04-24,"2010","1st Round",4,"MIA","PHI","Away",2,31,27.6,"Loss",-4
2011-04-27,"2010","1st Round",5,"MIA","PHI","Home",2,20,15.5,"Win",6
2011-05-01,"2010","Conf Semis",6,"MIA","BOS","Home",2,24,15.6,"Win",9
2011-05-03,"2010","Conf Semis",7,"MIA","BOS","Home",3,39,26.7,"Win",11
2011-05-07,"2010","Conf Semis",8,"MIA","BOS","Away",3,15,10.6,"Loss",-16
2011-05-09,"2010","Conf Semis",9,"MIA","BOS","Away",3,39,24.5,"Win",8
2011-05-11,"2010","Conf Semis",10,"MIA","BOS","Home",1,43,24.2,"Win",10
2011-05-15,"2010","Conf Finals",11,"MIA","CHI","Away",2,17,12.2,"Loss",-21
2011-05-18,"2010","Conf Finals",12,"MIA","CHI","Away",3,33,22,"Win",10
2011-05-22,"2010","Conf Finals",13,"MIA","CHI","Home",4,24,26.3,"Win",11
2011-05-24,"2010","Conf Finals",14,"MIA","CHI","Home",4,35,24.8,"Win",8
2011-05-26,"2010","Conf Finals",15,"MIA","CHI","Away",2,34,24.2,"Win",3
2011-05-31,"2010","NBA Finals",16,"MIA","DAL","Home",4,32,21,"Win",8
2011-06-02,"2010","NBA Finals",17,"MIA","DAL","Home",4,24,15.6,"Loss",-2
2011-06-05,"2010","NBA Finals",18,"MIA","DAL","Away",3,19,13.6,"Win",2
2011-06-07,"2010","NBA Finals",19,"MIA","DAL","Away",4,8,5.9,"Loss",-3
2011-06-09,"2010","NBA Finals",20,"MIA","DAL","Away",3,17,12.4,"Loss",-9
2011-06-12,"2010","NBA Finals",21,"MIA","DAL","Home",2,25,13.6,"Loss",-10
2012-04-28,"2011","1st Round",1,"MIA","NYK","Home",2,34,29.9,"Win",33
2012-04-30,"2011","1st Round",2,"MIA","NYK","Home",1,19,16.4,"Win",10
2012-05-03,"2011","1st Round",3,"MIA","NYK","Away",5,36,19.2,"Win",17
2012-05-06,"2011","1st Round",4,"MIA","NYK","Away",4,31,13.9,"Loss",-2
2012-05-09,"2011","1st Round",5,"MIA","NYK","Home",2,33,25.4,"Win",12
2012-05-13,"2011","Conf Semis",6,"MIA","IND","Home",1,32,29.5,"Win",9
2012-05-15,"2011","Conf Semis",7,"MIA","IND","Home",0,28,26.4,"Loss",-3
2012-05-17,"2011","Conf Semis",8,"MIA","IND","Away",1,24,12,"Loss",-19
2012-05-20,"2011","Conf Semis",9,"MIA","IND","Away",1,40,37.2,"Win",8
2012-05-22,"2011","Conf Semis",10,"MIA","IND","Home",1,34,28.6,"Win",32
2012-05-24,"2011","Conf Semis",11,"MIA","IND","Away",1,28,25,"Win",12
2012-05-28,"2011","Conf Finals",12,"MIA","BOS","Home",2,32,26.3,"Win",14
2012-05-30,"2011","Conf Finals",13,"MIA","BOS","Home",2,38,29.8,"Win",4
2012-06-01,"2011","Conf Finals",14,"MIA","BOS","Away",4,36,25.3,"Loss",-10
2012-06-03,"2011","Conf Finals",15,"MIA","BOS","Away",6,31,11.3,"Loss",-2
2012-06-05,"2011","Conf Finals",16,"MIA","BOS","Home",1,34,21.9,"Loss",-4
2012-06-07,"2011","Conf Finals",17,"MIA","BOS","Away",3,49,36.4,"Win",19
2012-06-09,"2011","Conf Finals",18,"MIA","BOS","Home",0,33,22.4,"Win",13
2012-06-12,"2011","NBA Finals",19,"MIA","OKC","Away",1,32,22.3,"Loss",-11
2012-06-14,"2011","NBA Finals",20,"MIA","OKC","Away",4,32,24.7,"Win",4
2012-06-17,"2011","NBA Finals",21,"MIA","OKC","Home",1,31,20.4,"Win",6
2012-06-19,"2011","NBA Finals",22,"MIA","OKC","Home",2,28,25.3,"Win",6
2012-06-21,"2011","NBA Finals",23,"MIA","OKC","Home",2,26,25.5,"Win",15
2013-04-21,"2012","1st Round",1,"MIA","MIL","Home",2,29,25.3,"Win",23
2013-04-23,"2012","1st Round",2,"MIA","MIL","Home",2,19,14.4,"Win",12
2013-04-25,"2012","1st Round",3,"MIA","MIL","Away",2,26,14.9,"Win",13
2013-04-28,"2012","1st Round",4,"MIA","MIL","Away",3,30,25.6,"Win",11
2013-05-06,"2012","Conf Semis",5,"MIA","CHI","Home",2,26,22.5,"Loss",-7
2013-05-08,"2012","Conf Semis",6,"MIA","CHI","Home",1,21,19.2,"Win",37
2013-05-10,"2012","Conf Semis",7,"MIA","CHI","Away",0,29,23.8,"Win",10
2013-05-13,"2012","Conf Semis",8,"MIA","CHI","Away",0,29,20.9,"Win",23
2013-05-15,"2012","Conf Semis",9,"MIA","CHI","Home",3,25,20.5,"Win",3
2013-05-22,"2012","Conf Finals",10,"MIA","IND","Home",5,34,24.1,"Win",1
2013-05-24,"2012","Conf Finals",11,"MIA","IND","Home",3,42,30.4,"Loss",-4
2013-05-26,"2012","Conf Finals",12,"MIA","IND","Away",0,22,16.6,"Win",18
2013-05-28,"2012","Conf Finals",13,"MIA","IND","Away",6,32,19.4,"Loss",-7
2013-05-30,"2012","Conf Finals",14,"MIA","IND","Home",1,36,21.7,"Win",11
2013-06-01,"2012","Conf Finals",15,"MIA","IND","Away",2,33,22.1,"Loss",-14
2013-06-03,"2012","Conf Finals",16,"MIA","IND","Home",1,34,29.2,"Win",23
2013-06-06,"2012","NBA Finals",17,"MIA","SAS","Home",0,20,20.4,"Loss",-4
2013-06-09,"2012","NBA Finals",18,"MIA","SAS","Home",2,19,17.9,"Win",19
2013-06-11,"2012","NBA Finals",19,"MIA","SAS","Away",0,17,10.3,"Loss",-36
2013-06-13,"2012","NBA Finals",20,"MIA","SAS","Away",2,35,29.6,"Win",16
2013-06-16,"2012","NBA Finals",21,"MIA","SAS","Away",1,29,21.2,"Loss",-10
2013-06-18,"2012","NBA Finals",22,"MIA","SAS","Home",3,34,25.8,"Win",3
2013-06-20,"2012","NBA Finals",23,"MIA","SAS","Home",2,47,32.5,"Win",7
2014-04-20,"2013","1st Round",1,"MIA","CHA","Home",1,35,17.8,"Win",11
2014-04-23,"2013","1st Round",2,"MIA","CHA","Home",2,34,29.9,"Win",4
2014-04-26,"2013","1st Round",3,"MIA","CHA","Away",1,32,27.8,"Win",13
2014-04-28,"2013","1st Round",4,"MIA","CHA","Away",3,33,29.8,"Win",11
2014-05-06,"2013","Conf Semis",5,"MIA","BRK","Home",2,22,17.7,"Win",21
2014-05-08,"2013","Conf Semis",6,"MIA","BRK","Home",2,22,15.4,"Win",12
2014-05-10,"2013","Conf Semis",7,"MIA","BRK","Away",2,34,25.1,"Loss",-14
2014-05-12,"2013","Conf Semis",8,"MIA","BRK","Away",5,55,39.8,"Win",6
2014-05-14,"2013","Conf Semis",9,"MIA","BRK","Home",1,33,23.1,"Win",2
2014-05-18,"2013","Conf Finals",10,"MIA","IND","Away",3,27,21.5,"Loss",-11
2014-05-20,"2013","Conf Finals",11,"MIA","IND","Away",3,24,18,"Win",4
2014-05-24,"2013","Conf Finals",12,"MIA","IND","Home",2,28,22,"Win",12
2014-05-26,"2013","Conf Finals",13,"MIA","IND","Home",3,36,27.8,"Win",12
2014-05-28,"2013","Conf Finals",14,"MIA","IND","Away",5,9,-0.1,"Loss",-3
2014-05-30,"2013","Conf Finals",15,"MIA","IND","Home",1,25,24.9,"Win",25
2014-06-05,"2013","NBA Finals",16,"MIA","SAS","Away",1,29,20,"Loss",-15
2014-06-08,"2013","NBA Finals",17,"MIA","SAS","Away",3,41,27.5,"Win",2
2014-06-10,"2013","NBA Finals",18,"MIA","SAS","Home",5,26,18.2,"Loss",-19
2014-06-12,"2013","NBA Finals",19,"MIA","SAS","Home",0,36,20.1,"Loss",-21
2014-06-15,"2013","NBA Finals",20,"MIA","SAS","Away",1,37,26.8,"Loss",-17
2015-04-19,"2014","1st Round",1,"CLE","BOS","Home",2,22,13.8,"Win",13
2015-04-21,"2014","1st Round",2,"CLE","BOS","Home",3,32,20.8,"Win",8
2015-04-23,"2014","1st Round",3,"CLE","BOS","Away",1,33,27.1,"Win",8
2015-04-26,"2014","1st Round",4,"CLE","BOS","Away",2,29,18.1,"Win",8
2015-05-04,"2014","Conf Semis",5,"CLE","CHI","Home",4,19,15.3,"Loss",-7
2015-05-06,"2014","Conf Semis",6,"CLE","CHI","Home",2,33,24.1,"Win",15
2015-05-08,"2014","Conf Semis",7,"CLE","CHI","Away",4,29,18.4,"Loss",-3
2015-05-10,"2014","Conf Semis",8,"CLE","CHI","Away",4,27,11.4,"Win",2
2015-05-12,"2014","Conf Semis",9,"CLE","CHI","Home",3,40,38.1,"Win",5
2015-05-14,"2014","Conf Semis",10,"CLE","CHI","Away",4,15,7.9,"Win",21
2015-05-20,"2014","Conf Finals",11,"CLE","ATL","Away",3,31,20,"Win",8
2015-05-22,"2014","Conf Finals",12,"CLE","ATL","Away",1,34,24.5,"Win",12
2015-05-24,"2014","Conf Finals",13,"CLE","ATL","Home",4,39,29,"Win",3
2015-05-26,"2014","Conf Finals",14,"CLE","ATL","Home",2,27,20.3,"Win",30
2015-06-04,"2014","NBA Finals",15,"CLE","GSW","Away",2,48,24.8,"Loss",-8
2015-06-07,"2014","NBA Finals",16,"CLE","GSW","Away",3,45,28.9,"Win",2
2015-06-09,"2014","NBA Finals",17,"CLE","GSW","Home",1,44,31.6,"Win",5
2015-06-11,"2014","NBA Finals",18,"CLE","GSW","Home",5,22,11.4,"Loss",-21
2015-06-14,"2014","NBA Finals",19,"CLE","GSW","Away",5,46,30.7,"Loss",-13
2015-06-16,"2014","NBA Finals",20,"CLE","GSW","Home",3,36,20.2,"Loss",-8
2016-04-17,"2015","1st Round",1,"CLE","DET","Home",3,22,24.8,"Win",5
2016-04-20,"2015","1st Round",2,"CLE","DET","Home",3,31,19.5,"Win",17
2016-04-22,"2015","1st Round",3,"CLE","DET","Away",2,22,9.7,"Win",10
2016-04-24,"2015","1st Round",4,"CLE","DET","Away",4,24,19,"Win",2
2016-05-02,"2015","Conf Semis",5,"CLE","ATL","Home",3,29,23.6,"Win",11
2016-05-04,"2015","Conf Semis",6,"CLE","ATL","Home",4,35,22.6,"Win",25
2016-05-06,"2015","Conf Semis",7,"CLE","ATL","Away",2,26,21.7,"Win",13
2016-05-08,"2015","Conf Semis",8,"CLE","ATL","Away",2,23,14.9,"Win",1
2016-05-17,"2015","Conf Finals",9,"CLE","TOR","Home",3,24,21.4,"Win",31
2016-05-19,"2015","Conf Finals",10,"CLE","TOR","Home",2,23,25.1,"Win",19
2016-05-21,"2015","Conf Finals",11,"CLE","TOR","Away",3,26,21.2,"Loss",-15
2016-05-23,"2015","Conf Finals",12,"CLE","TOR","Away",3,31,31.2,"Loss",-6
2016-05-25,"2015","Conf Finals",13,"CLE","TOR","Home",2,27,21.6,"Win",38
2016-05-27,"2015","Conf Finals",14,"CLE","TOR","Away",2,39,29.2,"Win",26
2016-06-02,"2015","NBA Finals",15,"CLE","GSW","Away",2,27,20.9,"Loss",-15
2016-06-05,"2015","NBA Finals",16,"CLE","GSW","Away",3,21,15.1,"Loss",-33
2016-06-08,"2015","NBA Finals",17,"CLE","GSW","Home",2,34,23.5,"Win",30
2016-06-10,"2015","NBA Finals",18,"CLE","GSW","Home",4,27,21.2,"Loss",-11
2016-06-13,"2015","NBA Finals",19,"CLE","GSW","Away",1,49,39.2,"Win",15
2016-06-16,"2015","NBA Finals",20,"CLE","GSW","Home",3,47,42.5,"Win",14
2016-06-19,"2015","NBA Finals",21,"CLE","GSW","Away",1,29,23.1,"Win",4
2017-04-15,"2016","1st Round",1,"CLE","IND","Home",3,36,31.7,"Win",1
2017-04-17,"2016","1st Round",2,"CLE","IND","Home",2,25,20.1,"Win",6
2017-04-20,"2016","1st Round",3,"CLE","IND","Away",4,53,35.4,"Win",5
2017-04-23,"2016","1st Round",4,"CLE","IND","Away",1,35,26.3,"Win",4
2017-05-01,"2016","Conf Semis",5,"CLE","TOR","Home",2,39,28.2,"Win",11
2017-05-03,"2016","Conf Semis",6,"CLE","TOR","Home",3,47,36,"Win",22
2017-05-05,"2016","Conf Semis",7,"CLE","TOR","Away",1,39,29.9,"Win",21
2017-05-07,"2016","Conf Semis",8,"CLE","TOR","Away",1,45,25.2,"Win",7
2017-05-17,"2016","Conf Finals",9,"CLE","BOS","Away",2,40,33.6,"Win",13
2017-05-19,"2016","Conf Finals",10,"CLE","BOS","Away",1,38,32.2,"Win",44
2017-05-21,"2016","Conf Finals",11,"CLE","BOS","Home",2,11,3.6,"Loss",-3
2017-05-23,"2016","Conf Finals",12,"CLE","BOS","Home",4,36,21.5,"Win",13
2017-05-25,"2016","Conf Finals",13,"CLE","BOS","Away",4,43,34.9,"Win",33
2017-06-01,"2016","NBA Finals",14,"CLE","GSW","Away",4,32,19.1,"Loss",-22
2017-06-04,"2016","NBA Finals",15,"CLE","GSW","Away",2,31,32.8,"Loss",-19
2017-06-07,"2016","NBA Finals",16,"CLE","GSW","Home",2,47,32.4,"Loss",-5
2017-06-09,"2016","NBA Finals",17,"CLE","GSW","Home",2,37,27.7,"Win",21
2017-06-12,"2016","NBA Finals",18,"CLE","GSW","Away",3,45,36.2,"Loss",-9
2018-04-15,"2017","1st Round",1,"CLE","IND","Home",2,24,23.8,"Loss",-18
2018-04-18,"2017","1st Round",2,"CLE","IND","Home",1,50,40.9,"Win",3
2018-04-20,"2017","1st Round",3,"CLE","IND","Away",1,36,21.5,"Loss",-2
2018-04-22,"2017","1st Round",4,"CLE","IND","Away",3,32,29.8,"Win",4
2018-04-25,"2017","1st Round",5,"CLE","IND","Home",3,46,38.1,"Win",3
2018-04-27,"2017","1st Round",6,"CLE","IND","Away",3,28,17.2,"Loss",-34
2018-04-29,"2017","1st Round",7,"CLE","IND","Home",4,49,38.8,"Win",4
2018-05-01,"2017","Conf Semis",8,"CLE","TOR","Away",2,28,20.8,"Win",1
2018-05-03,"2017","Conf Semis",9,"CLE","TOR","Away",1,45,41.6,"Win",18
2018-05-05,"2017","Conf Semis",10,"CLE","TOR","Home",1,40,31,"Win",2
2018-05-07,"2017","Conf Semis",11,"CLE","TOR","Home",2,29,29.3,"Win",35
2018-05-13,"2017","Conf Finals",12,"CLE","BOS","Away",1,15,7.8,"Loss",-25
2018-05-15,"2017","Conf Finals",13,"CLE","BOS","Away",3,52,31.4,"Loss",-13
2018-05-19,"2017","Conf Finals",14,"CLE","BOS","Home",3,33,30.5,"Win",30
2018-05-21,"2017","Conf Finals",15,"CLE","BOS","Home",3,46,27.4,"Win",9
2018-05-23,"2017","Conf Finals",16,"CLE","BOS","Away",2,28,15.3,"Loss",-13
2018-05-25,"2017","Conf Finals",17,"CLE","BOS","Home",2,56,38.8,"Win",10
2018-05-27,"2017","Conf Finals",18,"CLE","BOS","Away",4,41,24.4,"Win",8
2018-05-31,"2017","NBA Finals",19,"CLE","GSW","Away",2,57,41.3,"Loss",-10
2018-06-03,"2017","NBA Finals",20,"CLE","GSW","Away",2,33,26.6,"Loss",-19
2018-06-06,"2017","NBA Finals",21,"CLE","GSW","Home",2,35,28.7,"Loss",-8
2018-06-08,"2017","NBA Finals",22,"CLE","GSW","Home",5,23,16.7,"Loss",-23
2020-08-18,"2019","1st Round",1,"LAL","POR","Home",1,25,25.1,"Loss",-7
2020-08-20,"2019","1st Round",2,"LAL","POR","Home",1,10,6.2,"Win",23
2020-08-22,"2019","1st Round",3,"LAL","POR","Away",3,46,30.2,"Win",8
2020-08-24,"2019","1st Round",4,"LAL","POR","Away",2,38,31.9,"Win",20
2020-08-29,"2019","1st Round",5,"LAL","POR","Home",1,44,34.6,"Win",9
2020-09-04,"2019","Conf Semis",6,"LAL","HOU","Home",2,24,16.2,"Loss",-15
2020-09-06,"2019","Conf Semis",7,"LAL","HOU","Home",3,30,25.7,"Win",8
2020-09-08,"2019","Conf Semis",8,"LAL","HOU","Away",1,44,30.5,"Win",10
2020-09-10,"2019","Conf Semis",9,"LAL","HOU","Away",2,16,15.9,"Win",10
2020-09-12,"2019","Conf Semis",10,"LAL","HOU","Home",2,35,26.1,"Win",23
2020-09-18,"2019","Conf Finals",11,"LAL","DEN","Home",2,15,16.1,"Win",12
2020-09-20,"2019","Conf Finals",12,"LAL","DEN","Home",2,32,17.1,"Win",2
2020-09-22,"2019","Conf Finals",13,"LAL","DEN","Away",1,32,27.2,"Loss",-8
2020-09-24,"2019","Conf Finals",14,"LAL","DEN","Away",2,28,22.9,"Win",6
2020-09-26,"2019","Conf Finals",15,"LAL","DEN","Home",2,40,37.3,"Win",10
2020-09-30,"2019","NBA Finals",16,"LAL","MIA","Home",3,29,24.7,"Win",18
2020-10-02,"2019","NBA Finals",17,"LAL","MIA","Home",2,39,30.6,"Win",10
2020-10-04,"2019","NBA Finals",18,"LAL","MIA","Away",2,27,17.8,"Loss",-11
2020-10-06,"2019","NBA Finals",19,"LAL","MIA","Away",2,32,23.4,"Win",6
2020-10-09,"2019","NBA Finals",20,"LAL","MIA","Home",1,52,39.1,"Loss",-3
2020-10-11,"2019","NBA Finals",21,"LAL","MIA","Away",3,30,29.2,"Win",13
