track,artist,genre,release_date,year,word_count,unique_words
It's Gonna Be Me,*NSYNC,dance_pop,2000-03-21,2000,351,150
Peaches & Cream,112,dance_pop,2001,2001,609,179
Million Dollars Worth of Game (feat. 42 Dugg),2 Chainz,hip_hop,2022-02-04,2022,556,395
I Am The Best,2NE1,dance_pop,2014-12-09,2014,335,145
Amber,311,rock,2001-06-19,2001,181,94
Dirty Mind,3OH!3,dance_pop,2011-12-20,2011,473,100
She Looks So Perfect,5 Seconds of Summer,dance_pop,2014-06-27,2014,332,132
In Da Club,50 Cent,hip_hop,2003-02-06,2003,703,277
That's Love Ft. Mac Miller & Heather Victoria,9th Wonder,hip_hop,2011-09-27,2011,626,260
Judith,A Perfect Circle,rock,2000-01-01,2000,214,99
"Dreams, Fairytales, Fantasies (feat. Brent Faiyaz & Salaam Remi)",A$AP Ferg,hip_hop,2019-08-16,2019,507,259
Yamborghini High (feat. Juicy J),A$AP Mob,hip_hop,2016-01-29,2016,342,182
Sundress,A$AP Rocky,hip_hop,2018-11-20,2018,282,156
Upside Down,A*Teens,dance_pop,2001-02-26,2001,272,119
Caught in the Middle,A1,dance_pop,2001,2001,393,114
Like Strangers Do,AJ Mitchell,dance_pop,2019-10-18,2019,290,120
Chasing Highs,ALMA,dance_pop,2017-03-23,2017,361,108
Sail,AWOLNATION,rock,2011-03-15,2011,135,58
Are You That Somebody?,Aaliyah,dance_pop,2002,2002,558,202
"Country Boy (feat. Charlie Daniels, Chris Young, & George Jones)",Aaron Lewis,country,2011-11-01,2011,498,263
Let Go,Aaron May,hip_hop,2019-02-28,2019,433,221
Kiss This,Aaron Tippin,country,2000-01-01,2000,333,142
Freight Train,Aaron Watson,country,2015-02-17,2015,374,180
Illuminate (feat. Kendrick Lamar),Ab-Soul,hip_hop,2012-05-11,2012,881,392
Life's a Bitch,Accept,rock,2019-04-19,2019,237,134
We Ball,Ace Hood,hip_hop,2020-05-29,2020,515,227
Imported Goods,Action Bronson,hip_hop,2010-08-27,2010,657,377
Coulda Loved You Longer,Adam Doleac,country,2021-04-23,2021,403,120
Ghost Town,Adam Lambert,dance_pop,2015-06-11,2015,237,114
Obsessed,Addison Rae,dance_pop,2021-03-18,2021,293,117
I'm On Ya,Adonna,dance_pop,2000,2000,642,301
None Shall Pass,Aesop Rock,hip_hop,2007-08-27,2007,622,323
Ten Feet Tall,Afrojack,dance_pop,2014-01-01,2014,231,103
Equality,Afu-Ra,hip_hop,2000-10-24,2000,470,293
Release Me,Agnes,dance_pop,2009-04-01,2009,354,108
Runnin' Wild,Airbourne,rock,2007-01-01,2007,389,114
Bananza (Belly Dancer),Akon,dance_pop,2005-01-01,2005,601,225
This Feeling,Alabama Shakes,rock,2021-10-29,2021,222,91
Your Makeup Is Terrible,Alaska Thunderfuck,dance_pop,2015-06-23,2015,473,183
Set to Attack,Albert Hammond Jr,rock,2018-03-09,2018,195,92
Out Of Love,Alessia Cara,dance_pop,2018-11-30,2018,241,101
When I’m Gone (with Katy Perry),Alesso,dance_pop,2021-12-29,2021,310,234
Stuck on the puzzle,Alex Turner,rock,2011-03-14,2011,233,126
Broken Heels - Single Mix,Alexandra Burke,dance_pop,2009,2009,487,136
Mr. Saxobeat - Radio Edit,Alexandra Stan,dance_pop,2011-11-16,2011,340,69
Movies,Alien Ant Farm,rock,2001-01-01,2001,205,83
Black Coffee,All Saints,dance_pop,2000-08-16,2000,371,117
"Dear Maria, Count Me In",All Time Low,rock,2007-09-25,2007,354,146
Alright (feat. KIDDO),Alle Farben,dance_pop,2021-09-17,2021,341,107
Susie Save Your Love,Allie X,dance_pop,2020-02-21,2020,259,111
Fascination,Alphabeat,dance_pop,2008-01-01,2008,313,77
Metalingus,Alter Bridge,rock,2004-08-10,2004,213,95
Slow Dancing,Aly & AJ,dance_pop,2021-05-07,2021,250,106
I Choose You,Amanda Jordan,country,2022-01-07,2022,198,100
Best Day Of My Life,American Authors,rock,2014-01-01,2014,280,109
1 Thing,Amerie,hip_hop,2005,2005,616,165
REEL IT IN,Aminé,hip_hop,2018-08-15,2018,402,168
She Thinks She Needs Me,Andy Griggs,country,2004,2004,268,88
Our Song,Anne-Marie,dance_pop,2021-07-23,2021,359,107
American Cars,Annie,dance_pop,2020-10-16,2020,283,98
Make Your Move,Anton Powers,dance_pop,2019-01-18,2019,326,49
Know the Time,Apollo Brown,hip_hop,2011-03-01,2011,505,282
Prada,Arca,dance_pop,2021-11-30,2021,276,120
My Body Is a Cage,Arcade Fire,rock,2007,2007,282,101
505,Arctic Monkeys,rock,2007-04-24,2007,217,116
positions,Ariana Grande,dance_pop,2020-10-30,2020,382,132
The Kid I Used to Know,Arrested Youth,rock,2019-11-01,2019,366,137
Body On Me,Ashanti,dance_pop,2008-01-01,2008,549,175
Pieces Of Me,Ashlee Simpson,dance_pop,2004-01-01,2004,327,127
One Night Standards,Ashley McBryde,country,2020-04-03,2020,298,134
Hands on You,Ashley Monroe,country,2018-04-20,2018,288,101
He Said She Said,Ashley Tisdale,dance_pop,2007,2007,650,185
Sounds So Good,Ashton Shepherd,country,2008-01-01,2008,267,94
It's Ok If You Forget Me,Astrid S,dance_pop,2020-10-16,2020,368,136
The Tide Is High - Radio Mix,Atomic Kitten,dance_pop,2002-09-09,2002,402,102
Be Yourself,Audioslave,rock,2005-01-01,2005,278,122
No Love,August Alsina,dance_pop,2014-08-05,2014,653,167
All I Ever Need,Austin Mahone,dance_pop,2014,2014,386,129
Kings & Queens,Ava Max,dance_pop,2020-09-18,2020,332,145
The Nights,Avicii,dance_pop,2014-01-01,2014,312,138
Bite Me,Avril Lavigne,dance_pop,2021-11-10,2021,409,151
Sun Is Shining,Axwell /\ Ingrosso,dance_pop,2017-07-28,2017,340,92
Yummy,Ayesha Erotica,dance_pop,2017-12-13,2017,451,207
212,Azealia Banks,dance_pop,2014-11-07,2014,569,284
Airplanes (feat. Hayley Williams of Paramore),B.o.B,hip_hop,2010-04-27,2010,541,196
"Bump, Bump, Bump (feat. P. Diddy)",B2K,hip_hop,2002-12-10,2002,732,291
Time Moves Slow,BADBADNOTGOOD,hip_hop,2016-07-08,2016,293,114
Turnin' Me Up,BJ The Chicago Kid,hip_hop,2016-02-19,2016,281,98
SUGAR,BROCKHAMPTON,hip_hop,2019-08-23,2019,570,210
"Baby, I'm Back",Baby Bash,dance_pop,2005,2005,687,202
family ties (with Kendrick Lamar),Baby Keem,hip_hop,2021-09-10,2021,394,254
Daft Pretty Boys,Bad Suns,rock,2016-09-16,2016,358,123
Don't Hate Me,Badflower,rock,2021-09-24,2021,409,161
Friends,Band Of Skulls,rock,2009-10-09,2009,231,96
Fire,Barns Courtney,rock,2017-09-29,2017,207,68
Tribe (with J. Cole),Bas,hip_hop,2018-08-24,2018,576,390
Paradise,Bazzi,dance_pop,2019-08-09,2019,365,175
feel something,Bea Miller,dance_pop,2019-06-21,2019,408,95
Feel It In The Air,Beanie Sigel,hip_hop,2005-01-01,2005,669,310
Sacrifice,Bebe Rexha,dance_pop,2021-05-07,2021,282,97
E-Pro,Beck,rock,2005-01-01,2005,287,118
MAMIII,Becky G,dance_pop,2022-02-11,2022,504,236
Remember (and David Guetta),Becky Hill,dance_pop,2021-08-27,2021,338,117
Rosa Pastel,Belanova,dance_pop,2005-01-01,2005,188,99
Luz Sin Gravedad,Belinda,dance_pop,2006,2006,177,90
Satisfaction - Isaak Original,Benny Benassi,dance_pop,2003,2003,82,20
3:30 In Houston,Benny The Butcher,hip_hop,2020-12-11,2020,596,304
Just Thought You Should Know,Betty Who,dance_pop,2019-02-15,2019,398,120
Halo,Beyoncé,dance_pop,2008,2008,434,127
Many of Horror,Biffy Clyro,rock,2009-11-06,2009,228,104
Fake ID (feat. Gretchen Wilson),Big & Rich,country,2011-05-17,2011,351,123
All Night,Big Boi,hip_hop,2017-06-16,2017,646,227
Pick Up The Pace,Big K.R.I.T.,hip_hop,2021-04-16,2021,517,174
Deadly Combination,Big L,hip_hop,2016-07-15,2016,409,268
Beware,Big Sean,hip_hop,2013-01-01,2013,733,318
Call It Like I See It,Big Time Rush,dance_pop,2021-12-13,2021,401,160
Get Your Roll On,Big Tymers,hip_hop,2000-01-01,2000,391,187
Soul Sista,Bilal,hip_hop,2001-01-01,2001,369,144
Day And Night - StarGate Mix,Billie Piper,dance_pop,2000-01-01,2000,356,97
Good Directions,Billy Currington,country,2005-01-01,2005,311,166
Let Them Be Little,Billy Dean,country,2005-03-29,2005,233,107
One Voice,Billy Gilman,country,2000-06-14,2000,172,107
Reality Check,Binary Star,hip_hop,2017-06-02,2017,594,388
Get Up (Rattle) [feat. Far East Movement] - Vocal Edit,Bingo Players,dance_pop,2012-12-08,2012,262,119
Vapors,Biz Markie,hip_hop,2009-06-11,2009,799,392
Pump It,Black Eyed Peas,dance_pop,2005-01-01,2005,547,230
Stillborn,Black Label Society,rock,2003-04-22,2003,131,46
What It's Worth,Black Milk,hip_hop,2014-10-28,2014,489,288
Pick Your Poison,Black Pistol Fire,rock,2021-01-29,2021,355,144
Spread Your Love,Black Rebel Motorcycle Club,rock,2001-01-01,2001,243,46
Whoa!,Black Rob,hip_hop,2000,2000,675,314
Blame It on the Boom Boom,Black Stone Cherry,rock,2011-01-01,2011,373,115
Conception,Black Thought,hip_hop,2018-11-26,2018,522,256
In The End,Black Veil Brides,rock,2012-01-01,2012,317,101
I'm Not Strong Enough to Say No,BlackHawk,country,2016-07-08,2016,305,117
Make You Feel That Way,Blackalicious,hip_hop,2002-01-01,2002,752,247
Waiting for the Thunder,Blackberry Smoke,rock,2016-10-14,2016,261,116
Come Back As A Country Boy,Blake Shelton,country,2021-12-03,2021,341,122
Helicopter,Bloc Party,rock,2005-01-01,2005,253,127
Your Girlfriend,Blossoms,rock,2020-01-31,2020,223,143
Dancing In The Rain,Blu,hip_hop,2007-08-07,2007,641,297
O Heaven,Blu & Exile,hip_hop,2012-09-04,2012,434,276
Best In Me,Blue,dance_pop,2001-11-26,2001,278,108
Girls & Boys,Blur,rock,2000-10-23,2000,303,94
Rock This Party - Everybody Dance Now,Bob Sinclar,dance_pop,2006-08-22,2006,813,249
"Slow Down - 12"" Version",Bobby V.,hip_hop,2005-01-01,2005,481,156
Hot Water Tank,Boldy James,hip_hop,2021-12-17,2021,464,308
Fight Like A Girl,Bomshel,country,2009-10-20,2009,273,150
Mop Wit It,Boosie Badazz,hip_hop,2020-02-14,2020,802,252
Like You (feat. Ciara),Bow Wow,hip_hop,2005,2005,695,228
1985,Bowling For Soup,rock,2004,2004,335,166
Whiskey Lullaby (feat. Alison Krauss),Brad Paisley,country,2003-01-01,2003,364,136
Look into My Eyes,Brando,dance_pop,2020-01-10,2020,392,98
Love Again,Brandy,dance_pop,2020-07-31,2020,479,329
The Weekend,Brantley Gilbert,country,2017-01-27,2017,365,136
HOT HOT,Bree Runway,dance_pop,2021-03-31,2021,457,133
Dead Man Walking,Brent Faiyaz,hip_hop,2020-09-18,2020,375,185
Want That Back,Brett Eldredge,country,2022-01-14,2022,284,114
In Case You Didn't Know,Brett Young,country,2017-02-10,2017,276,109
Hurricane,Bridgit Mendler,dance_pop,2012-01-01,2012,523,159
Can You Feel My Heart,Bring Me The Horizon,rock,2013-04-01,2013,250,77
Gimme More,Britney Spears,dance_pop,2007-10-25,2007,433,169
Good Luck,Broken Bells,rock,2019-09-27,2019,161,107
XXXTC (feat. Charli XCX & Maliibu Miitch),Brooke Candy,dance_pop,2019-10-25,2019,381,283
About Us,Brooke Hogan,dance_pop,2006-10-17,2006,633,222
Boot Scootin' Boogie,Brooks & Dunn,country,2009-09-08,2009,221,137
Uncle Sam Goddamn,Brother Ali,hip_hop,2007-04-10,2007,695,347
I'm Not For Everyone,Brothers Osborne,country,2020-10-09,2020,304,130
Smokin Out The Window,Bruno Mars,dance_pop,2021-11-11,2021,482,218
Act Naturally,Buck Owens,country,2010-08-31,2010,224,88
Crazy Bitch,Buckcherry,rock,2006-04-11,2006,425,109
A Different World,Bucky Covington,country,2007-04-17,2007,161,109
Help Pour Out the Rain (Lacey's Song),Buddy Jewell,country,2003-07-01,2003,335,153
Get Throwed,Bun B,hip_hop,2005,2005,708,348
I Know What You Want (feat. Flipmode Squad),Busta Rhymes,hip_hop,2002-11-05,2002,545,325
Year 3000,Busted,dance_pop,2002-01-01,2002,357,127
Short Skirt / Long Jacket,CAKE,rock,2001-07-23,2001,259,128
Drive,CHASE WRIGHT,country,2021-11-05,2021,382,126
Break in the Action,CZARFACE,hip_hop,2021-05-07,2021,512,324
Come a Little Closer,Cage The Elephant,rock,2013-10-08,2013,284,106
Summer,Calvin Harris,dance_pop,2014-10-31,2014,139,48
Burning House,Cam,country,2015-12-11,2015,277,111
My Oh My (feat. DaBaby),Camila Cabello,dance_pop,2019-12-06,2019,440,238
Oh Boy,Cam’ron,hip_hop,2002-01-01,2002,591,309
Love You Like That,Canaan Smith,country,2015-06-23,2015,312,121
On the Road Again,Canned Heat,rock,2009-01-01,2009,218,94
Invincible,Capone-N-Noreaga,hip_hop,2000-11-21,2000,601,344
WAP (feat. Megan Thee Stallion),Cardi B,dance_pop,2020-08-07,2020,286,162
I Hope You’re Happy Now,Carly Pearce,country,2020-02-14,2020,274,122
I Really Like You,Carly Rae Jepsen,dance_pop,2015,2015,527,140
Billions,Caroline Polachek,dance_pop,2022-02-09,2022,353,87
Complicated,Carolyn Dawn Johnson,country,2000-12-29,2000,264,140
Before He Cheats,Carrie Underwood,country,2005-11-14,2005,291,119
Evacuate The Dancefloor,Cascada,dance_pop,2009-01-01,2009,534,166
Tied Up (feat. DeJ Loaf),Casey Veggies,hip_hop,2015-09-25,2015,594,204
I Found You,Cash Cash,dance_pop,2020-02-28,2020,245,91
Quit (feat. Ariana Grande),Cashmere Cat,dance_pop,2017-04-28,2017,420,290
Wasting All These Tears,Cassadee Pope,country,2013-01-01,2013,263,93
Long Way 2 Go,Cassie,dance_pop,2006-08-07,2006,691,159
7,Catfish and the Bottlemen,rock,2016-05-27,2016,330,83
Yes!,Chad Brock,country,2000,2000,273,129
No Problem (feat. Lil Wayne & 2 Chainz),Chance the Rapper,hip_hop,2016-05-27,2016,658,331
Pyramid (feat. Iyaz),Charice,dance_pop,2010-05-07,2010,572,211
Boom Clap,Charli XCX,dance_pop,2014-10-21,2014,395,106
We Don't Talk Anymore (feat. Selena Gomez),Charlie Puth,dance_pop,2015-11-05,2015,302,214
Joke's On You,Charlotte Lawrence,dance_pop,2020-01-17,2020,248,106
Eyes On You,Chase Rice,country,2017-11-17,2017,367,148
Lean On Me,Cheat Codes,dance_pop,2021-05-07,2021,391,133
Want U Back,Cher Lloyd,dance_pop,2011-11-07,2011,578,182
Call My Name,Cheryl,dance_pop,2012-01-01,2012,317,75
Send the Pain Below,Chevelle,rock,2002,2002,205,71
Love Sosa,Chief Keef,hip_hop,2012-01-01,2012,652,248
Redbone,Childish Gambino,hip_hop,2016-12-02,2016,299,124
Right Thurr,Chingy,hip_hop,2003-01-01,2003,839,272
"Do It (feat. Doja Cat, City Girls & Mulatto) [Remix]",Chloe x Halle,dance_pop,2020-09-04,2020,546,383
No Guidance (feat. Drake),Chris Brown,dance_pop,2019-06-28,2019,105,80
Chicks Dig It - Single Edit,Chris Cagle,country,2003-01-01,2003,325,143
Nearly Forgot My Broken Heart,Chris Cornell,rock,2015-09-18,2015,307,132
Good Vibes,Chris Janson,country,2019-10-18,2019,337,114
"Big, Big Plans",Chris Lane,country,2019-06-28,2019,446,147
Famous Friends,Chris Young,country,2021-08-06,2021,308,128
Santo,Christina Aguilera,dance_pop,2022-01-20,2022,410,203
AM To PM,Christina Milian,dance_pop,2001,2001,592,157
A Thousand Years,Christina Perri,dance_pop,2011-10-18,2011,235,92
Stealing Cinderella,Chuck Wicks,country,2008,2008,300,137
"One, Two Step (feat. Missy Elliott)",Ciara,dance_pop,2004-09-27,2004,429,267
T-Shirt Weather,Circa Waves,rock,2015-03-30,2015,238,111
Act Up,City Girls,dance_pop,2018-11-16,2018,550,265
She Won't Be Lonely Long,Clay Walker,country,2010-06-08,2010,253,101
Symphony (feat. Zara Larsson),Clean Bandit,dance_pop,2018-11-30,2018,358,248
Like The Rain,Clint Black,country,2003,2003,380,136
Grindin',Clipse,hip_hop,2002-04-01,2002,626,319
Nice to Meet You,Cody Simpson,dance_pop,2022-01-25,2022,221,129
Fallin' For You,Colbie Caillat,dance_pop,2009,2009,371,105
What You Got,Colby O'Donis,dance_pop,2008-01-01,2008,702,199
What You Say,Cold War Kids,rock,2021-09-24,2021,391,120
Single Saturday Night,Cole Swindell,country,2020-05-22,2020,390,165
When Country Comes Back,Colt Ford,country,2021-05-28,2021,281,121
Be (Intro),Common,hip_hop,2005-01-01,2005,230,168
Streiht Up Menace,Compton's Most Wanted,hip_hop,2001-01-23,2001,575,274
Stay (Sing off vs. Tayler Holder),Conor Maynard,dance_pop,2021-08-27,2021,508,289
John Woo Flick (with Benny The Butcher & Westside Gunn),Conway the Machine,hip_hop,2022-02-04,2022,567,391
Chronicles (feat. H.E.R. & Lil Durk),Cordae,hip_hop,2022-01-14,2022,560,389
Valuable Lessons,Cormega,hip_hop,2014-07-22,2014,597,325
Are You in Love With a Notion?,Courteeners,rock,2013-02-04,2013,359,129
I Play Chicken with the Train (with Big & Rich),Cowboy Troy,country,2005-05-17,2005,493,206
Fish,Craig Campbell,country,2011-04-05,2011,303,128
Walking Away,Craig David,dance_pop,2000-08-14,2000,356,121
International Harvester,Craig Morgan,country,2006-10-31,2006,372,152
My Sacrifice,Creed,rock,2001-01-01,2001,211,96
Helplessly Hoping,"Crosby, Stills & Nash",rock,2020-01-01,2020,138,100
You Can Let Go,Crystal Shawanda,country,2008-06-06,2008,293,148
Monsta,Culcha Candela,dance_pop,2009-08-28,2009,486,236
Lynguistics [Deluxe Edition],Cunninlynguists,hip_hop,2001-10-30,2001,281,214
Scottie Pippens (feat. Freddie Gibbs),Curren$y,hip_hop,2021-05-21,2021,544,327
What I Really Meant To Say,Cyndi Thomson,country,2001-01-01,2001,234,113
Thick,D.I.T.C.,hip_hop,2000-02-22,2000,495,310
Benzi Box,DANGERDOOM,hip_hop,2005-10-17,2005,310,221
In The Dark,DEV,dance_pop,2011-01-01,2011,423,116
Ma Chérie - DJ Antoine Vs Mad Mark 2K12 Radio Edit,DJ Antoine,dance_pop,2011-08-12,2011,190,76
"My Moment (feat. 2 Chainz, Meek Mill and Jeremih)",DJ Drama,hip_hop,2012-10-02,2012,596,246
For Da Love of Da Game,DJ Jazzy Jeff,hip_hop,2002-08-12,2002,762,355
POPSTAR (feat. Drake),DJ Khaled,hip_hop,2021-04-30,2021,528,333
Shit I'm On,DJ Muggs,hip_hop,2018-10-12,2018,421,241
Mortgage Free (feat. 2 Chainz),DJ Premier,hip_hop,2021-12-10,2021,584,233
Pitch In OnA Party,DJ Quik,hip_hop,2000,2000,532,318
Six Days - Remix,DJ Shadow,hip_hop,2002-01-01,2002,314,227
Let Me Love You,DJ Snake,dance_pop,2016-08-05,2016,391,107
X Gon' Give It To Ya,DMX,hip_hop,2021-12-10,2021,789,262
Truthfully,DNCE,dance_pop,2016-11-18,2016,237,113
Everybody,DON BROCO,rock,2018-02-02,2018,283,130
Sweet Disaster,DREAMERS,rock,2016-08-26,2016,245,111
This Time (Never Be Alone Again),Dada Life,dance_pop,2020-05-15,2020,75,17
"10,000 Hours (with Justin Bieber)",Dan + Shay,country,2021-08-13,2021,559,389
Never in My Wildest Dreams,Dan Auerbach,rock,2017-06-02,2017,141,76
If You're Not The One,Daniel Bedingfield,dance_pop,2002,2002,393,141
Worth It,Danielle Bradbery,country,2017-12-01,2017,229,90
Findin' A Good Man,Danielle Peck,country,2006-01-01,2006,151,98
Show Stopper,Danity Kane,dance_pop,2006-08-22,2006,671,209
I Begin to Wonder,Dannii Minogue,dance_pop,2003-01-01,2003,421,112
Grown Up,Danny Brown,hip_hop,2012-06-05,2012,313,199
Wagon Wheel,Darius Rucker,country,2013-01-01,2013,373,152
I Miss My Friend,Darryl Worley,country,2002-01-01,2002,195,87
Take Me Home Country Roads,Daryle Singletary,country,2009-06-09,2009,151,91
Handsome,Dave East,hip_hop,2020-08-14,2020,641,229
Crush,David Archuleta,dance_pop,2008-11-11,2008,466,168
Riding With Private Malone,David Ball,country,2001-09-10,2001,487,245
9MM,David Banner,hip_hop,2008,2008,766,314
Memories (feat. Kid Cudi),David Guetta,dance_pop,2009,2009,303,180
Everything's Gonna Be Alright,David Lee Murphy,country,2018-04-06,2018,315,141
Whatever She's Got,David Nail,country,2014-01-01,2014,408,148
"Sit Still, Look Pretty",Daya,dance_pop,2017-01-06,2017,535,156
Money On My Mind,Daz Dillinger,hip_hop,2006-01-01,2006,731,279
Me Myself And I,De La Soul,hip_hop,2000,2000,369,181
Mind Sex,Dead Prez,hip_hop,2000-02-08,2000,715,316
Can’t Help Myself,Dean Brody,country,2020-11-18,2020,420,137
Freeze Me,Death From Above 1979,rock,2017-09-08,2017,158,91
Get Got,Death Grips,hip_hop,2012-04-23,2012,488,261
Brazil,Declan McKenna,rock,2017-07-21,2017,389,147
Change (In the House of Flies),Deftones,rock,2000-05-16,2000,167,59
Press Rewind,Del The Funky Homosapien,hip_hop,2000-01-01,2000,620,383
Born to Try,Delta Goodrem,dance_pop,2003-03-21,2003,266,84
Time Keeps on Slipping,Deltron 3030,hip_hop,2000,2000,518,345
Heart Attack,Demi Lovato,dance_pop,2013-01-01,2013,424,168
Walkin,Denzel Curry,hip_hop,2022-01-24,2022,796,364
Five More Hours,Deorro,dance_pop,2017-03-31,2017,327,110
Used to the Darkness,Des Rocs,rock,2018-11-02,2018,434,124
Survivor,Destiny's Child,dance_pop,2001-01-01,2001,735,169
Doobie Ashtray,Devin The Dude,hip_hop,2013-08-15,2013,662,242
Beautiful Mess,Diamond Rio,country,2002-07-08,2002,327,116
Once,Diana Vickers,dance_pop,2010-05-03,2010,222,88
I Need a Girl (Pt. 1) [feat. Usher & Loon],Diddy,hip_hop,2005-10-04,2005,981,297
Drunk On A Plane,Dierks Bentley,country,2014-01-01,2014,407,167
"You Can't Hide, You Can't Run",Dilated Peoples,hip_hop,2006-02-21,2006,557,245
Touch,Dillon Francis,dance_pop,2020-04-15,2020,242,78
Say My Name,Dimitri Vegas & Like Mike,dance_pop,2020-07-24,2020,358,105
On My Mind,Diplo,dance_pop,2021-03-12,2021,389,30
Woman,Doja Cat,dance_pop,2021-06-25,2021,425,207
When I Come Around,Dom Kennedy,hip_hop,2011-06-28,2011,475,238
Dapper (feat. Anderson .Paak),Domo Genesis,hip_hop,2016-03-25,2016,311,216
Bad,Don Diablo,dance_pop,2020-03-20,2020,364,107
There Goes The Fear,Doves,rock,2002-01-01,2002,273,94
Knife Talk (with 21 Savage ft. Project Pat),Drake,hip_hop,2021-09-03,2021,450,292
"Down Bad (feat. JID, Bas, J. Cole, EARTHGANG & Young Nudy)",Dreamville,hip_hop,2019-07-05,2019,559,387
Start a Riot,Duckwrth,hip_hop,2018-12-14,2018,489,206
Mercy,Duffy,dance_pop,2008,2008,472,130
Thinking 'Bout You (feat. Lauren Alaina),Dustin Lynch,country,2020-01-17,2020,522,363
How Does It Sound,Dylan Schneider,country,2017-07-21,2017,365,135
New Truck,Dylan Scott,country,2021-07-23,2021,354,143
U and Dat (feat. T. Pain & Kandi Girl),E-40,hip_hop,2006-03-14,2006,689,250
All Eyes On Me,EARTHGANG,hip_hop,2022-01-14,2022,623,296
Miss Alissa,Eagles Of Death Metal,rock,2004,2004,254,81
2010,Earl Sweatshirt,hip_hop,2022-01-14,2022,382,248
A Girl Like You,Easton Corbin,country,2017-01-27,2017,383,157
Cool Kids,Echosmith,dance_pop,2013-10-04,2013,312,94
Society,Eddie Vedder,rock,2007-09-18,2007,208,92
This Feeling,Eden Prince,dance_pop,2022-01-28,2022,229,101
Smokers Outside the Hospital Doors,Editors,rock,2007-01-01,2007,259,107
I Need Some Sleep,Eels,rock,2008-01-15,2008,133,56
One Day Like This,Elbow,rock,2008-01-01,2008,337,108
Crazy Girl,Eli Young Band,country,2011-01-01,2011,234,92
L.O.V.(e).,Ella Eyre,dance_pop,2020-05-08,2020,337,111
Brave,Ella Henderson,dance_pop,2022-01-07,2022,385,121
DFMU,Ella Mai,dance_pop,2022-01-28,2022,472,164
Hate Me,Ellie Goulding,dance_pop,2020-07-16,2020,613,146
She,Elvis Costello,rock,2012,2012,224,132
Next To Me,Emeli Sandé,dance_pop,2012-01-01,2012,313,110
Fall Into Me,Emerson Drive,country,2002-01-01,2002,179,95
Without Me,Eminem,hip_hop,2002-05-26,2002,770,369
Take My Breath Away,Emma Bunton,dance_pop,2001-01-01,2001,303,97
What Is Love (feat. V. Bozeman),Empire Cast,dance_pop,2015-03-09,2015,289,114
Bailando - Spanish Version,Enrique Iglesias,dance_pop,2014-01-01,2014,753,285
Drink In My Hand,Eric Church,country,2011-01-01,2011,443,159
Flowers On The Wall,Eric Heatherly,country,2000-10-03,2000,253,123
Music (feat. Marvin Gaye),Erick Sermon,hip_hop,2001-08-27,2001,456,217
Situations,Escape the Fate,rock,2006-10-03,2006,349,132
Outta Here,Esmée Denters,dance_pop,2009-01-01,2009,400,126
Who's That Girl?,Eve,hip_hop,2001-01-01,2001,589,187
Wonderful,Everclear,rock,2000-01-01,2000,499,177
Cherry (feat. Hayley Kiyoko),FLETCHER,dance_pop,2021-11-17,2021,562,398
Into You (feat. Ashanti),Fabolous,hip_hop,2003-01-14,2003,660,294
There You'll Be,Faith Hill,country,2001-10-01,2001,285,101
Centuries,Fall Out Boy,rock,2015-01-20,2015,339,137
Popular Monster,Falling In Reverse,rock,2019-11-20,2019,473,204
When I See U,Fantasia,dance_pop,2006-12-09,2006,382,142
Minefields,Faouzia,dance_pop,2020-11-05,2020,246,101
Turn Up The Love,Far East Movement,dance_pop,2012-01-01,2012,473,163
Wipeout,Fat Boys,hip_hop,2007-01-01,2007,289,138
What's Luv? (feat. Ja-Rule & Ashanti),Fat Joe,hip_hop,2001-12-04,2001,920,331
What's Up Fatlip,Fatlip,hip_hop,2005,2005,460,223
Rhythm Of The Night,Fedde Le Grand,dance_pop,2016-12-23,2016,320,99
Just a Day - Edit,Feeder,rock,2006-05-15,2006,370,132
Happy Hour,Felix Cartal,dance_pop,2021-06-25,2021,250,100
Ain't Nobody (Loves Me Better) (feat. Jasmine Thompson),Felix Jaehn,dance_pop,2018-02-16,2018,323,235
Glamorous,Fergie,dance_pop,2006-01-01,2006,564,245
That's My Girl,Fifth Harmony,dance_pop,2016-05-27,2016,546,161
Out of My League,Fitz and The Tantrums,rock,2013-05-07,2013,340,86
Everybody Get Up - Radio Edit,Five,dance_pop,2001-01-16,2001,550,291
Afterlife,Flatbush Zombies,hip_hop,2020-08-06,2020,548,250
In The Party,Flo Milli,dance_pop,2020-07-24,2020,655,277
Whistle,Flo Rida,dance_pop,2012-06-22,2012,534,186
Say Yes,Floetry,hip_hop,2002-01-01,2002,396,124
Cruise,Florida Georgia Line,country,2012-01-01,2012,433,164
My Number,Foals,rock,2013-01-31,2013,300,96
Best of You,Foo Fighters,rock,2005-06-14,2005,346,119
Pumped Up Kicks,Foster The People,rock,2011-05-23,2011,398,118
We All Float Down Here,Four Year Strong,rock,2015-06-05,2015,256,122
Sky Love,Foxes,dance_pop,2022-02-11,2022,295,107
Oh Yeah,Foxy Brown,hip_hop,2001-01-01,2001,515,279
Cupid's Arrow,Frank Carter & The Rattlesnakes,rock,2021-10-15,2021,307,103
Lost,Frank Ocean,hip_hop,2012-01-01,2012,324,166
Young & Crazy,Frankie Ballard,country,2014-04-03,2014,298,129
Obsesion (No Es Amor) (feat. Baby Bash),Frankie J,dance_pop,2003,2003,565,204
Do You Want To,Franz Ferdinand,rock,2005-10-03,2005,376,98
1985,Freddie Gibbs,hip_hop,2020-05-29,2020,457,241
Love On My Mind (feat. Amanda Wilson),Freemasons,dance_pop,2007-10-29,2007,281,41
What We Do,Freeway,hip_hop,2003-01-01,2003,695,383
Unforgettable,French Montana,hip_hop,2017-07-14,2017,547,216
Dangerous Love,Fuse ODG,dance_pop,2014-01-01,2014,744,224
Drankin N Smokin,Future,hip_hop,2020-11-13,2020,625,264
Poppin' Them Thangs,G-Unit,hip_hop,2003-01-01,2003,814,324
Ugly Heart,G.R.L.,dance_pop,2014-06-03,2014,418,152
Out Of Reach,Gabrielle,dance_pop,2001-01-01,2001,214,98
Runaway (U & I),Galantis,dance_pop,2015-06-05,2015,288,77
Anyone of Us (Stupid Mistake),Gareth Gates,dance_pop,2002-07-11,2002,283,93
Give In to Me,Garrett Hedlund,country,2010-12-21,2010,161,73
Friends In Low Places - Live,Garth Brooks,country,2020-08-14,2020,251,97
Every Storm (Runs Out Of Rain),Gary Allan,country,2013,2013,249,115
Come Together,Gary Clark Jr.,rock,2017-09-08,2017,142,83
Not Over You,Gavin DeGraw,dance_pop,2011-09-16,2011,368,146
Farewell Party,Gene Watson,country,2009-01-01,2009,151,80
It's Raining Men,Geri Halliwell,dance_pop,2001-05-14,2001,275,120
Sarcasm,Get Scared,rock,2010-01-01,2010,483,146
Back Like That,Ghostface Killah,hip_hop,2006-01-01,2006,959,371
Like Me,Girlicious,dance_pop,2008-01-01,2008,597,155
Love Machine,Girls Aloud,dance_pop,2004-01-01,2004,434,193
Wild at Heart,Gloriana,country,2009-08-03,2009,297,133
I Stand Alone,Godsmack,rock,2003-04-08,2003,230,115
Stranded,Gojira,rock,2016-06-17,2016,151,61
Herside Story,GoldLink,hip_hop,2017-03-24,2017,539,186
Ooh La La,Goldfrapp,dance_pop,2005-08-17,2005,178,75
The Anthem,Good Charlotte,rock,2002-10-04,2002,335,152
Step Aside,Goodbye June,rock,2021-09-01,2021,194,98
Heaven On Dirt,Gord Bamford,country,2021-06-04,2021,249,133
Soulshine,Gov't Mule,rock,2001-10-23,2001,308,134
White Lines (Don't Do It),Grandmaster Flash,hip_hop,2006-05-01,2006,473,281
Backroad Song,Granger Smith,country,2016-03-04,2016,340,136
Pass the Shovel,Gravediggaz,hip_hop,2021-03-04,2021,670,372
Highway Tune,Greta Van Fleet,rock,2017-11-10,2017,133,65
Here for the Party,Gretchen Wilson,country,2004-05-11,2004,163,106
shut up,Greyson Chance,dance_pop,2019-03-15,2019,310,128
Black Hole,Griff,dance_pop,2021-06-18,2021,487,135
Oblivion,Grimes,dance_pop,2012-02-21,2012,228,93
Raspberry,Grouplove,rock,2013-09-17,2013,198,54
Tie Me Down (with Elley Duhé),Gryffin,dance_pop,2019-10-24,2019,516,358
Wake Up in the Sky,Gucci Mane,hip_hop,2018-12-07,2018,683,247
Keep Your Worries,Guru's Jazzmatazz,hip_hop,2000-01-01,2000,554,329
Luxurious,Gwen Stefani,dance_pop,2004-11-22,2004,537,190
Cupid's Chokehold / Breakfast in America,Gym Class Heroes,dance_pop,2005-02-22,2005,587,240
Best Part (feat. Daniel Caesar),H.E.R.,dance_pop,2017-10-20,2017,346,243
1 Day 2 Nights,HRVY,dance_pop,2021-06-11,2021,359,102
WTF (feat. Amber Van Day),HUGEL,dance_pop,2018-11-30,2018,365,154
Starving,Hailee Steinfeld,dance_pop,2016-07-22,2016,289,84
You should be sad,Halsey,dance_pop,2020-01-17,2020,455,154
I've Been Thinking,Handsome Boy Modeling School,hip_hop,2004-09-01,2004,374,109
You'll Always Find Your Way Back Home,Hannah Montana,dance_pop,2009-01-01,2009,521,174
Save Me,Hanson,dance_pop,2000-01-01,2000,222,102
Hard to Beat,Hard-FI,rock,2005-06-27,2005,423,191
Power,Hardwell,dance_pop,2017-09-22,2017,130,51
Demons,Hayley Kiyoko,dance_pop,2019-10-11,2019,339,97
Johnny & June,Heidi Newfield,country,2008-08-05,2008,303,129
The Sun God,Hi-Tek,hip_hop,2020-01-08,2020,390,256
Make Your Move,Hieroglyphics,hip_hop,2003-01-01,2003,732,334
We're All In This Together,High School Musical Cast,dance_pop,2006-01-01,2006,511,195
Whatever It Takes,High Valley,country,2021-11-12,2021,297,123
Lydia,Highly Suspect,rock,2015-07-17,2015,335,154
So Yesterday,Hilary Duff,dance_pop,2003-01-01,2003,404,138
Daddy's Hands,Holly Dunn,country,2007-07-31,2007,195,101
Kiss Kiss,Holly Valance,dance_pop,2002-01-01,2002,483,150
Everywhere I Go,Hollywood Undead,rock,2008-09-02,2008,613,226
The Reason,Hoobastank,rock,2003-12-09,2003,243,88
You Should've Known,Hopsin,hip_hop,2019-01-28,2019,646,309
I Like It Like That (feat. New Boyz),Hot Chelle Rae,dance_pop,2011-11-25,2011,579,203
Sedona,Houndmouth,rock,2015-03-16,2015,270,125
The Power Of Love,Huey Lewis & The News,rock,2017-10-25,2017,309,136
Saint,Huncho Jack,hip_hop,2017-12-21,2017,380,196
Wanted,Hunter Hayes,country,2011,2011,293,114
Choke,I DONT KNOW HOW BUT THEY FOUND ME,rock,2018-08-24,2018,200,86
ONCE UPON A TIME (FREESTYLE),IDK,hip_hop,2018-11-09,2018,502,310
Flashbacks,INNA,dance_pop,2020-12-04,2020,233,97
I Love It,Icona Pop,dance_pop,2012-01-01,2012,330,76
Black Widow,Iggy Azalea,dance_pop,2014-01-01,2014,564,233
All Good,Illa J,hip_hop,2008-11-11,2008,197,118
Dancing On Dangerous (feat. Sofía Reyes),Imanbek,dance_pop,2021-04-09,2021,268,127
Leaving the Past,Immortal Technique,hip_hop,2003-11-18,2003,614,342
Wish You Were Here,Incubus,rock,2001-10-23,2001,181,83
My Honest Face,Inhaler,rock,2021-07-09,2021,250,117
Three Man Weave,Injury Reserve,hip_hop,2019-05-17,2019,455,193
City High,Inspectah Deck,hip_hop,2003-06-10,2003,537,338
Obstacle 1,Interpol,rock,2002-08-20,2002,329,113
RIP Young,Isaiah Rashad,hip_hop,2021-07-30,2021,587,242
Summer Air,ItaloBrothers,dance_pop,2017-04-28,2017,312,92
Solo,Iyaz,dance_pop,2009-08-18,2009,446,141
Workinonit,J Dilla,hip_hop,2006-02-07,2006,112,60
Don't Play,J-Live,hip_hop,2001-06-28,2001,523,289
No Role Modelz,J. Cole,hip_hop,2014-12-09,2014,814,321
Empire State Of Mind,JAY-Z,hip_hop,2009-09-08,2009,764,383
151 Rum,JID,hip_hop,2018-11-26,2018,461,231
Beat Again - Radio Edit,JLS,dance_pop,2009-11-09,2009,307,126
BALD!,JPEGMAFIA,hip_hop,2020-11-06,2020,322,198
Slow Motion,JUVENILE,hip_hop,2003-01-01,2003,853,267
Livin' It Up,Ja Rule,hip_hop,2001-01-01,2001,787,305
No One Compares To You,Jack & Jack,dance_pop,2019-01-25,2019,347,135
Taking Me Back,Jack White,rock,2021-10-18,2021,208,93
B.E.D.,Jacquees,dance_pop,2018-09-07,2018,568,144
Why,Jadakiss,hip_hop,2004-01-01,2004,679,284
Where the Party At (feat. Nelly),Jagged Edge,hip_hop,2001-07-03,2001,802,373
Lightning Bolt,Jake Bugg,rock,2012-01-01,2012,287,142
Barefoot Blue Jean Night,Jake Owen,country,2011-08-26,2011,300,137
More Than Friends,James Hype,dance_pop,2017-09-22,2017,316,119
Just Got Started Lovin' You,James Otto,country,2008-04-07,2008,311,124
Cold Beer Calling My Name,Jameson Rodgers,country,2021-09-17,2021,456,178
In Color,Jamey Johnson,country,2008-01-01,2008,337,154
Blame It,Jamie Foxx,hip_hop,2008-12-11,2008,747,256
Somebody's Hero,Jamie O'Neal,country,2005-01-01,2005,306,175
Sticks 'N' Stones,Jamie T,rock,2009-01-01,2009,799,299
Virtual Insanity - Remastered,Jamiroquai,dance_pop,2006-11-06,2006,505,205
Voices,Jana Kramer,country,2021-09-24,2021,313,107
Just Because,Jane's Addiction,rock,2003-01-01,2003,132,61
Make Me Feel,Janelle Monáe,dance_pop,2018-04-27,2018,445,127
All For You,Janet Jackson,dance_pop,2001-01-01,2001,833,191
Pray for You,Jaron And The Long Road To Love,country,2010,2010,301,149
If I Didn't Love You,Jason Aldean,country,2021-11-12,2021,402,136
Acapulco,Jason Derulo,dance_pop,2021-09-03,2021,231,109
Alyssa Lies,Jason Michael Carroll,country,2007-02-06,2007,301,156
All Day And Night,Jax Jones,dance_pop,2019-07-12,2019,327,110
Think Twice,Jay Dee,hip_hop,2001,2001,64,44
A.P.I.D.T.A.,Jay Electronica,hip_hop,2020-03-13,2020,643,245
"King's Dead (with Kendrick Lamar, Future & James Blake)",Jay Rock,hip_hop,2018-01-12,2018,145,99
Do You Remember,Jay Sean,dance_pop,2009-01-01,2009,676,227
The Official,Jaylib,hip_hop,2003,2003,370,204
Girl Like Me (feat. H.E.R.),Jazmine Sullivan,dance_pop,2021-01-08,2021,526,371
"Ease My Mind - Feat. Tre Hardson, Fat Lip & Omni",Jazz Liberatorz,hip_hop,2008-01-21,2008,279,85
Design in Malice,Jedi Mind Tricks,hip_hop,2011-10-25,2011,574,292
Back (feat. Yo Gotti),Jeezy,hip_hop,2020-11-20,2020,551,379
"Long, Slow Kisses",Jeff Bates,country,2003-05-20,2003,286,148
I Put a Spell on You (feat. Joss Stone),Jeff Beck,rock,2010-03-10,2010,157,73
Spotlight,Jennifer Hudson,dance_pop,2008-09-26,2008,384,160
On The Floor,Jennifer Lopez,dance_pop,2011-01-01,2011,650,246
Unlove You,Jennifer Nettles,country,2016-05-13,2016,247,135
Don't Tell 'Em,Jeremih,dance_pop,2015-12-04,2015,795,229
Drink to That All Night,Jerrod Niemann,country,2014-03-21,2014,401,138
Don't Be so Hard on Yourself,Jess Glynne,dance_pop,2015,2015,456,148
Beautiful Soul,Jesse McCartney,dance_pop,2004-01-01,2004,366,109
Who I Am,Jessica Andrews,country,2000-02-27,2000,325,96
Glow,Jessica Mauboy,dance_pop,2021-11-12,2021,380,104
Us,Jessica Sanchez,dance_pop,2021-05-06,2021,191,69
With You,Jessica Simpson,dance_pop,2003,2003,377,137
Domino,Jessie J,dance_pop,2011-01-01,2011,403,120
Should Have Known Better,Jessie James Decker,country,2021-08-20,2021,296,116
Say You Love Me,Jessie Ware,dance_pop,2014-08-04,2014,283,120
Boyz (feat. Nicki Minaj),Jesy Nelson,dance_pop,2021-10-08,2021,532,377
Look What You've Done,Jet,rock,2003-09-15,2003,212,78
Sativa,Jhené Aiko,dance_pop,2017-09-22,2017,600,200
Golden,Jill Scott,hip_hop,2004-08-31,2004,498,93
We Fly High,Jim Jones,hip_hop,2006-11-07,2006,657,352
The Middle,Jimmy Eat World,rock,2001-07-17,2001,273,106
Do You Believe Me Now,Jimmy Wayne,country,2008-01-01,2008,290,108
Too Little Too Late,JoJo,dance_pop,2006-10-17,2006,527,166
I Wanna Know,Joe,dance_pop,2000-04-18,2000,522,169
Pump It Up,Joe Budden,hip_hop,2003-06-10,2003,768,295
Brokenheartsville,Joe Nichols,country,2002-01-01,2002,259,107
Head & Heart (feat. MNEK),Joel Corry,dance_pop,2020-07-03,2020,354,288
OG,Joell Ortiz,hip_hop,2021-11-12,2021,528,281
When I'm Gone,Joey + Rory,country,2012-01-01,2012,173,119
Love Is Only a Feeling,Joey Bada$$,hip_hop,2017-07-06,2017,363,201
Friday Night Blues,John Conlee,country,2008-01-01,2008,344,130
Forever Young,John De Sohn,dance_pop,2019-11-29,2019,272,90
Centerfield,John Fogerty,rock,2010-06-29,2010,260,131
Song To Sing When I'm Lonely,John Frusciante,rock,2004-02-24,2004,240,140
if we never met,John K,dance_pop,2020-11-12,2020,255,96
Head Over Boots,Jon Pardi,country,2016-05-13,2016,303,108
Don’t Wake Me Up,Jonas Blue,dance_pop,2022-01-07,2022,370,147
Sucker,Jonas Brothers,dance_pop,2019-06-07,2019,441,113
Tattoo,Jordin Sparks,dance_pop,2007-11-19,2007,472,164
Be Honest,Jorja Smith,dance_pop,2019-11-20,2019,527,217
Love Like,Josh Gracin,country,2021-09-03,2021,338,207
Blame It On Waylon,Josh Thompson,country,2010-02-22,2010,289,95
Would You Go With Me,Josh Turner,country,2006,2006,249,108
Ramen & OJ,Joyner Lucas,hip_hop,2021-04-30,2021,878,355
It's A Trip!,Joywave,rock,2017-07-28,2017,235,73
Verano Azul,Juan Magán,dance_pop,2009-01-01,2009,411,185
Dancing In The Moonlight (feat. NEIMY),Jubël,dance_pop,2018-06-22,2018,150,53
There It Go (The Whistle Song),Juelz Santana,hip_hop,2005-01-01,2005,442,171
Pop That Trunk,Juicy J,hip_hop,2022-02-11,2022,691,239
Issues,Julia Michaels,dance_pop,2017-07-28,2017,392,109
Wake Up Older,Julie Roberts,country,2004-01-01,2004,206,102
Brain,Jungle Brothers,hip_hop,2003-05-15,2003,814,363
What's Golden,Jurassic 5,hip_hop,2002-01-01,2002,496,254
Que Sera,Justice Crew,dance_pop,2012,2012,342,128
The Ones That Didn’t Make It Back Home,Justin Moore,country,2019-07-26,2019,343,135
Mirrors,Justin Timberlake,dance_pop,2013-03-15,2013,990,208
Comfortable,K CAMP,hip_hop,2014-09-04,2014,529,190
Can't Raise a Man,K. Michelle,dance_pop,2013-08-05,2013,345,145
High Enough,K.Flay,rock,2017-04-07,2017,359,145
Reborn,KIDS SEE GHOSTS,hip_hop,2018-06-08,2018,590,175
What a Nigga Know?,KMD,hip_hop,2015-12-18,2015,624,321
What You've Done To Me (feat. Bemendé),KREAM,dance_pop,2021-09-24,2021,339,63
Everyday I Love You Less And Less,Kaiser Chiefs,rock,2005,2005,320,113
telepatía,Kali Uchis,dance_pop,2020-12-04,2020,289,131
Undo My Heart,Karen Harding,dance_pop,2020-06-12,2020,230,69
Hello,Karmin,dance_pop,2012-05-07,2012,580,198
Club Foot,Kasabian,rock,2004,2004,245,97
Run The Show (feat. Busta Rhymes),Kat Deluna,dance_pop,2007,2007,545,325
Katy on a Mission,Katy B,dance_pop,2011-04-04,2011,411,128
Last Friday Night (T.G.I.F.),Katy Perry,dance_pop,2010-01-01,2010,447,155
Somewhere Only We Know,Keane,rock,2004-01-01,2004,280,100
Nights Like This (feat. Ty Dolla $ign),Kehlani,dance_pop,2019-02-22,2019,560,304
I Still Miss You,Keith Anderson,country,2008-05-30,2008,330,126
One Too Many,Keith Urban,country,2020-09-18,2020,434,178
Millionaire,Kelis,dance_pop,2003-12-05,2003,420,168
When You Lie Next To Me,Kellie Coffey,country,2002-05-06,2002,250,101
Didn't You Know How Much I Loved You,Kellie Pickler,country,2008-09-30,2008,333,117
Stronger (What Doesn't Kill You),Kelly Clarkson,dance_pop,2011-10-24,2011,413,127
One Word,Kelly Osbourne,dance_pop,2005,2005,359,87
Like This (feat. Eve),Kelly Rowland,dance_pop,2002,2002,723,267
I Quit Drinking,Kelsea Ballerini,country,2021-06-09,2021,348,154
HUMBLE.,Kendrick Lamar,hip_hop,2017-04-14,2017,599,227
Get Along,Kenny Chesney,country,2018-07-27,2018,322,132
Pretty Girl Rock,Keri Hilson,dance_pop,2010-01-01,2010,660,188
TiK ToK,Kesha,dance_pop,2010-01-01,2010,490,181
Peach,Kevin Abstract,hip_hop,2019-04-25,2019,393,152
Long Line of Losers,Kevin Fowler,country,2007-09-25,2007,224,112
Let It Rock,Kevin Rudolf,dance_pop,2008-01-01,2008,470,202
Gang Shit No Lame Shit,Key Glock,hip_hop,2018-11-23,2018,350,191
Let It Go,Keyshia Cole,dance_pop,2007-01-01,2007,930,322
Can't Feel My Face,Kiana Ledé,dance_pop,2021-12-17,2021,497,116
Pursuit Of Happiness (Nightmare),Kid Cudi,hip_hop,2009-01-01,2009,443,168
Promise (feat. Fetty Wap),Kid Ink,dance_pop,2015-12-25,2015,266,191
Gold,Kiiara,dance_pop,2020-10-09,2020,624,86
Coconuts,Kim Petras,dance_pop,2021-12-03,2021,313,129
Anti-Matter,King Geedorah,hip_hop,2003-06-17,2003,558,334
1950,King Princess,dance_pop,2018-02-23,2018,301,98
Sex on Fire,Kings of Leon,rock,2008-09-23,2008,144,88
Somethin' 'Bout A Truck,Kip Moore,country,2012-01-01,2012,328,127
Sameolemeek,Knxwledge,hip_hop,2020-04-06,2020,429,267
Super Gremlin,Kodak Black,hip_hop,2022-02-08,2022,616,271
Poppa Large,Kool Keith,hip_hop,2004,2004,624,344
Outside,Kota the Friend,hip_hop,2021-04-21,2021,579,235
Goodbye,Kristinia DeBarge,dance_pop,2009-01-01,2009,374,139
A Second to Midnight,Kylie Minogue,dance_pop,2021-11-12,2021,387,158
oh baby,LCD Soundsystem,rock,2017-09-01,2017,191,95
Shots,LMFAO,dance_pop,2009-01-01,2009,513,182
Bulletproof,La Roux,dance_pop,2009,2009,270,112
Black Coffee,Lacy J. Dalton,country,2006-01-01,2006,193,68
Need You Now,Lady A,country,2010-01-01,2010,316,128
Shallow,Lady Gaga,dance_pop,2018-10-05,2018,226,101
Rolling Stone,Laidback Luke,dance_pop,2020-09-04,2020,290,96
The LP,Large Professor,hip_hop,2009-07-01,2009,390,224
Road Less Traveled,Lauren Alaina,country,2017-01-27,2017,385,122
I Like Me Better,Lauv,dance_pop,2018-05-31,2018,299,112
Can't Fight The Moonlight,LeAnn Rimes,country,2001-01-30,2001,373,130
I May Hate Myself In The Morning,Lee Ann Womack,country,2005-01-01,2005,205,127
Memory I Don't Mess With,Lee Brice,country,2020-11-20,2020,290,109
God Bless The USA,Lee Greenwood,country,2008-12-15,2008,268,115
Bleeding Love,Leona Lewis,dance_pop,2007,2007,393,139
Everything's Electric,Liam Gallagher,rock,2022-02-04,2022,262,134
Familiar (With J. Balvin),Liam Payne,dance_pop,2019-12-06,2019,509,363
"Smile (Living My Best Life) (feat. Snoop Dogg, Ball Greezy & Midnight Star)",Lil Duval,hip_hop,2018-07-03,2018,592,193
Snap Yo Fingers,Lil Jon,dance_pop,2006-05-02,2006,693,259
Get Low,Lil Jon & The East Side Boyz,hip_hop,2002-10-29,2002,959,274
Love Me,Lil Wayne,hip_hop,2013-01-01,2013,780,233
Yacht Club (feat. Juice WRLD),Lil Yachty,hip_hop,2018-10-19,2018,304,172
Magic Stick,Lil' Kim,hip_hop,2003-03-03,2003,616,270
Smile,Lily Allen,dance_pop,2006-05-08,2006,398,135
Rumors,Lindsay Lohan,dance_pop,2004-01-01,2004,473,159
Broken - Single Version,Lindsey Haun,country,2006-08-21,2006,227,109
Boondocks,Little Big Town,country,2005-01-01,2005,474,129
Remedy,Little Boots,dance_pop,2008-06-08,2008,352,101
The Way You Do It,Little Brother,hip_hop,2002-01-01,2002,461,234
Black Magic,Little Mix,dance_pop,2015-11-06,2015,565,169
God Blessed Texas,Little Texas,country,2007-06-26,2007,153,99
Truth Hurts,Lizzo,dance_pop,2019-04-19,2019,528,201
Swimming Pools,Lloyd,dance_pop,2012-06-13,2012,447,169
"Beamer, Benz, Or Bentley",Lloyd Banks,hip_hop,2010-01-01,2010,748,313
Wolf Like Me,Local H,rock,2010-10-19,2010,400,195
1-800-273-8255,Logic,hip_hop,2017-05-05,2017,567,183
I'm Already There,Lonestar,country,2001-03-27,2001,292,139
Your Side Of The Bed,Loote,dance_pop,2018-06-15,2018,410,125
When We Were Young,Lost Kings,dance_pop,2018-05-11,2018,318,99
Body,Loud Luxury,dance_pop,2018-03-02,2018,439,105
Angel Eyes,Love and Theft,country,2012-07-24,2012,287,105
Perfect (feat. Haris),Lucas & Steve,dance_pop,2020-10-16,2020,261,95
Act A Fool,Ludacris,hip_hop,2003-01-01,2003,855,373
Play It Again,Luke Bryan,country,2013-01-01,2013,444,171
Forever After All,Luke Combs,country,2020-10-23,2020,319,156
Battle Scars,Lupe Fiasco,hip_hop,2012-09-25,2012,644,228
GED (Gettin Every Dolla),Lute,hip_hop,2021-10-04,2021,526,258
How Does It Feel,M-22,dance_pop,2018-08-17,2018,260,86
Paper Planes,M.I.A.,dance_pop,2007-01-01,2007,433,132
Bad Vibe,M.O,dance_pop,2020-06-26,2020,629,178
Ante Up (Robbin Hoodz Theory),M.O.P.,hip_hop,2000-08-29,2000,711,351
The Day You Went Away,M2M,dance_pop,2000-02-15,2000,329,130
Primadonna,MARINA,dance_pop,2012-04-27,2012,406,145
Butterflies,MAX,dance_pop,2021-06-25,2021,338,129
Can't Hold On,MED,hip_hop,2005-05-31,2005,317,223
Rapp Snitch Knishes feat. Mr. Fantastik,MF DOOM,hip_hop,2004-11-16,2004,572,318
Little Dark Age,MGMT,rock,2018-02-09,2018,319,152
Twisted,MISSIO,rock,2017-05-19,2017,261,58
17,MK,dance_pop,2017-09-01,2017,274,42
American Dream,MKTO,dance_pop,2012,2012,501,177
Ride Wit Me,MOTi,dance_pop,2021-02-19,2021,460,187
Mad Love,Mabel,dance_pop,2019-08-02,2019,502,113
The Spins,Mac Miller,hip_hop,2010-08-13,2010,488,281
Is There Anybody Out There?,Machine Head,rock,2016-06-03,2016,425,154
Nothin' But The Cavi Hit,Mack 10,hip_hop,2007-01-01,2007,700,372
Don't Worry (feat. Ray Dalton),Madcon,dance_pop,2015-02-20,2015,314,216
Die From A Broken Heart,Maddie & Tae,country,2020-04-10,2020,317,149
Uber Everywhere,MadeinTYO,hip_hop,2016-02-26,2016,306,140
Good In Goodbye,Madison Beer,dance_pop,2021-02-26,2021,313,111
Slim's Return,Madlib,hip_hop,2003-06-24,2003,96,61
Frozen,Madonna,dance_pop,2021-12-03,2021,227,87
All Caps,Madvillain,hip_hop,2004-03-24,2004,290,201
What You Did (feat. Ella Mai),Mahalia,dance_pop,2019-09-06,2019,571,392
Cold Water (feat. Justin Bieber & MØ),Major Lazer,dance_pop,2018-10-19,2018,686,353
Motorcycle Emptiness,Manic Street Preachers,rock,2002-10-28,2002,206,111
The Bones,Maren Morris,country,2019-03-08,2019,333,123
We Belong Together,Mariah Carey,dance_pop,2005-01-01,2005,507,212
Let Me Love You,Mario,dance_pop,2004-03-15,2004,508,183
In Time,Mark Collie,country,2004-01-01,2004,150,80
Nothing Breaks Like a Heart (feat. Miley Cyrus),Mark Ronson,dance_pop,2019-06-21,2019,406,131
Three's Company,Marley Marl,hip_hop,2001,2001,414,179
Scared to Be Lonely,Martin Garrix,dance_pop,2017-01-27,2017,316,115
Solo Dance,Martin Jensen,dance_pop,2016-11-04,2016,220,84
Hello,Martin Solveig,dance_pop,2011-01-01,2011,354,94
Concrete Angel,Martina McBride,country,2001-04-08,2001,246,120
Be Without You - Kendu Mix,Mary J. Blige,dance_pop,2005-01-01,2005,547,200
Before I Knew It,Mason Ramsey,country,2019-07-26,2019,370,129
Be Easy,Massari,dance_pop,2006-01-01,2006,636,165
Da Grind (Featuring Apocalypse),Masta Ace,hip_hop,2004-08-03,2004,555,268
Blood and Thunder,Mastodon,rock,2004-08-31,2004,154,102
False Alarm,Matoma,dance_pop,2018-08-24,2018,280,92
Books From Boxes,Maximo Park,rock,2007-04-01,2007,324,156
Somebody That I Used To Know,Mayday Parade,rock,2012-11-06,2012,350,137
All About You,McFly,dance_pop,2005-01-01,2005,257,90
Going Bad (feat. Drake),Meek Mill,hip_hop,2018-11-30,2018,426,235
Thot Shit,Megan Thee Stallion,dance_pop,2021-10-29,2021,879,344
All About That Bass,Meghan Trainor,dance_pop,2015-01-09,2015,462,143
First Day of My Life,Melanie C,dance_pop,2005-09-30,2005,251,108
Monday Morning,Melanie Fiona,dance_pop,2009-01-01,2009,142,94
Infatuated,Memphis Bleek,hip_hop,2005-01-01,2005,606,255
Part II,Method Man,hip_hop,2001-01-01,2001,760,343
Space Cadet (feat. Gunna),Metro Boomin,hip_hop,2018-11-06,2018,358,209
Whiskey And Rain,Michael Ray,country,2020-09-25,2020,296,112
Goodbye to You,Michelle Branch,dance_pop,2001-07-31,2001,317,121
Say Yes (ft. Beyoncé & Kelly Rowland),Michelle Williams,dance_pop,2014-09-09,2014,385,66
Jazz,Mick Jenkins,hip_hop,2014-08-12,2014,702,300
Walk It Talk It,Migos,hip_hop,2018-01-26,2018,1193,346
Sky Walker (feat. Travis Scott),Miguel,dance_pop,2017-12-01,2017,346,241
Vibe,Mike Candys,dance_pop,2021-06-18,2021,584,275
Still Tippin' (feat. Slim Thug and Paul Wall),Mike Jones,hip_hop,2005-04-19,2005,839,320
One Life,Mike Perry,dance_pop,2019-09-27,2019,283,90
I Took A Pill In Ibiza - Seeb Remix,Mike Posner,dance_pop,2016-05-06,2016,187,150
23,Mike WiLL Made-It,hip_hop,2013-01-01,2013,605,196
Come Closer,Miles Kane,rock,2011-05-02,2011,139,63
Party In The U.S.A.,Miley Cyrus,dance_pop,2009-01-01,2009,482,184
Good Without,Mimi Webb,dance_pop,2021-10-22,2021,346,134
Bluebird,Miranda Lambert,country,2019-11-01,2019,323,115
Get Ur Freak On,Missy Elliott,hip_hop,2001-05-14,2001,566,173
Ran into You,Mitch Rossell,country,2021-03-30,2021,268,98
Truth About You,Mitchell Tenpenny,country,2021-09-10,2021,378,144
Float On,Modest Mouse,rock,2004,2004,318,141
Time Today,Moneybagg Yo,hip_hop,2021-04-23,2021,604,283
So Gone,Monica,dance_pop,2003,2003,444,163
Where I Come From,Montgomery Gentry,country,2011-10-14,2011,335,167
Happy?,Mudvayne,rock,2005,2005,299,113
Bad Man!,Murs,hip_hop,2004-03-23,2004,883,358
Uprising,Muse,rock,2009-09-10,2009,230,116
Just Friends (Sunny),Musiq Soulchild,dance_pop,2000-01-01,2000,411,151
Real Girl,Mutya Buena,dance_pop,2007-01-01,2007,492,145
Teenagers,My Chemical Romance,rock,2006-10-23,2006,312,121
Golden,My Morning Jacket,rock,2003-09-09,2003,160,117
Danger (Been So Long) featuring Nivea,Mystikal,hip_hop,2000-09-26,2000,639,268
New Moon,MØ,dance_pop,2022-01-28,2022,450,125
Case Of The Ex (Whatcha Gonna Do),Mýa,dance_pop,2000,2000,772,222
Playing With Fire,N-Dubz,dance_pop,2009-01-01,2009,637,222
Lemon,N.E.R.D,hip_hop,2017-12-15,2017,632,253
Oye Mi Canto,N.O.R.E.,hip_hop,2006-07-18,2006,591,308
Champion (feat. Travis Scott),NAV,hip_hop,2018-05-18,2018,413,236
Gotta Be You,NERVO,dance_pop,2021-01-08,2021,297,105
Let You Down,NF,hip_hop,2017-10-06,2017,609,223
So Close,NOTD,dance_pop,2018-11-02,2018,399,98
Wave Gods,Nas,hip_hop,2021-12-24,2021,680,334
Problem,Natalia Kills,dance_pop,2013-01-01,2013,448,169
Torn - Acoustic MTV Unplugged,Natalie Imbruglia,dance_pop,2001-11-20,2001,340,149
Love Like This (feat. Sean Kingston),Natasha Bedingfield,dance_pop,2007-04-27,2007,754,235
Music & Me,Nate Dogg,hip_hop,2001-12-04,2001,271,129
I Don't Wanna Go To Heaven,Nate Smith,country,2021-11-19,2021,264,102
Lighter (feat. KSI),Nathan Dawe,dance_pop,2020-07-24,2020,302,196
S.O.B.,Nathaniel Rateliff & The Night Sweats,rock,2015-08-21,2015,303,101
Miss Independent,Ne-Yo,dance_pop,2008-01-01,2008,454,161
Wish You Were Here,Neck Deep,rock,2017-08-18,2017,435,167
Heart Of Gold,Neil Young,rock,2010-01-01,2010,160,60
Lil Bit (feat. Florida Georgia Line),Nelly,hip_hop,2021-08-27,2021,625,190
Maneater,Nelly Furtado,dance_pop,2006-01-01,2006,602,142
Everybody Talks,Neon Trees,rock,2012-01-01,2012,298,116
You're a Jerk,New Boyz,dance_pop,2009-09-15,2009,731,260
Harlem,New Politics,rock,2013-05-17,2013,297,89
Slow Hands,Niall Horan,dance_pop,2017-10-20,2017,287,104
This Is Heaven,Nick Jonas,dance_pop,2021-03-12,2021,422,144
Starships,Nicki Minaj,dance_pop,2011-01-01,2011,386,158
We're Still Young,Nicky Romero,dance_pop,2021-09-10,2021,291,150
Don't Hold Your Breath,Nicole Scherzinger,dance_pop,2011-01-01,2011,409,146
Is It Really Me You're Missing,Nina Nesbitt,dance_pop,2019-02-01,2019,323,124
The Hand That Feeds,Nine Inch Nails,rock,2005-05-03,2005,302,108
Grinding All My Life,Nipsey Hussle,hip_hop,2018-02-16,2018,514,234
It's My Life,No Doubt,dance_pop,2003-01-01,2003,181,76
Lonely,Noah Cyrus,dance_pop,2020-05-15,2020,224,118
In The Heat Of The Moment,Noel Gallagher's High Flying Birds,rock,2014-01-01,2014,385,111
Diddy Bop (feat. Cam O'bi & Raury),Noname,hip_hop,2016-08-12,2016,342,182
Motivation,Normani,dance_pop,2019-08-16,2019,368,122
Amsterdam,Nothing But Thieves,rock,2017-09-08,2017,319,105
Suede,NxWorries,hip_hop,2016-10-21,2016,552,238
All or Nothing,O-Town,dance_pop,2002-11-11,2002,409,146
Here It Goes Again,OK Go,rock,2005-01-01,2005,369,112
Shit Hits The Fan,Obie Trice,hip_hop,2003-01-01,2003,889,382
"Sam (Is Dead) (feat. Domo Genesis & Tyler, The Creator)",Odd Future,hip_hop,2012-03-16,2012,531,266
Wasted Love (feat. Lagique),Ofenbach,dance_pop,2021-01-08,2021,526,371
Ric Flair Drip (with Metro Boomin),Offset,hip_hop,2017-10-30,2017,145,99
"Intoxicated (feat. Raekwon, Method Man & Macy Gray)",Ol' Dirty Bastard,hip_hop,2018-11-15,2018,623,314
One Man Band,Old Dominion,country,2019-10-25,2019,330,134
Gecko (Overdrive),Oliver Heldens,dance_pop,2014-05-17,2014,223,113
History,Olivia Holt,dance_pop,2016-07-15,2016,457,103
Josslyn,Olivia O'Brien,dance_pop,2020-05-15,2020,439,130
Up,Olly Murs,dance_pop,2014-11-24,2014,456,151
Ice Box,Omarion,dance_pop,2006,2006,767,185
Counting Stars,OneRepublic,dance_pop,2013-01-01,2013,532,117
Piro,Onyx,hip_hop,2017-05-29,2017,379,242
Windowpane,Opeth,rock,2003-04-22,2003,110,85
Somewhere Out There,Our Lady Peace,rock,2002-05-17,2002,312,115
Roses,Outkast,hip_hop,2003,2003,792,248
Crazy Train,Ozzy Osbourne,rock,2020-09-18,2020,213,123
Just Give Me a Reason (feat. Nate Ruess),P!nk,dance_pop,2012-09-18,2012,457,162
This Mess We're In,PJ Harvey,rock,2000-01-01,2000,238,113
Phases,PRETTYMUCH,dance_pop,2019-04-26,2019,625,259
Monster,PVRIS,rock,2021-07-30,2021,440,113
Lonely,Palaye Royale,rock,2020-05-29,2020,346,117
Only Love Can Hurt Like This,Paloma Faith,dance_pop,2014-03-10,2014,269,103
High Hopes,Panic! At The Disco,rock,2018-06-22,2018,469,130
Underrated,Papoose,hip_hop,2019-02-15,2019,509,309
Zydrate Anatomy,Paris Hilton,dance_pop,2008-09-30,2008,291,126
Just the Way,Parmalee,country,2021-07-30,2021,543,146
Convoy,Paul Brandt,country,2004-01-01,2004,640,314
The Kiss Of Venus (Dominic Fike),Paul McCartney,rock,2021-04-16,2021,211,110
Sittin' Sidewayz (feat. Big Pokey),Paul Wall,hip_hop,2005-07-19,2005,711,313
Walk Away (Remember Me) (feat. The DEY),Paula DeAnda,dance_pop,2006,2006,749,252
Ni Una Sola Palabra,Paulina Rubio,dance_pop,2006-01-01,2006,349,166
Alrighty Aphrodite,Peach Pit,rock,2018-06-28,2018,139,71
Montego Slay,People Under The Stairs,hip_hop,2002-12-10,2002,542,305
D.R.E.A.M.,Pharoahe Monch,hip_hop,2014-04-15,2014,627,331
Nutshell Pt. 2 (feat. Busta Rhymes and Redman),Phife Dawg,hip_hop,2021-02-12,2021,577,346
Carlene,Phil Vassar,country,2000-02-21,2000,365,160
It's So Easy,Phonte,hip_hop,2016-07-22,2016,443,167
Do It Again,Pia Mia,dance_pop,2015-05-04,2015,570,202
King For A Day,Pierce The Veil,rock,2012-07-17,2012,494,235
Hell on Heels,Pistol Annies,country,2011-08-23,2011,254,109
"Give Me Everything (feat. Ne-Yo, Afrojack & Nayer)",Pitbull,dance_pop,2011-06-17,2011,587,184
"Mama Do (Uh Oh, Uh Oh)",Pixie Lott,dance_pop,2009-01-01,2009,236,92
The Bitter End,Placebo,rock,2003-03-24,2003,204,111
Hypnotized (feat. Akon),Plies,hip_hop,2007-08-06,2007,481,188
All The Things She Said,Poppy,dance_pop,2020-06-03,2020,576,143
Feel It Still,Portugal. The Man,rock,2017-06-16,2017,356,134
Grind With Me,Pretty Ricky,hip_hop,2005-05-17,2005,614,235
John The Fisherman,Primus,rock,2006-01-01,2006,230,141
Blurry,Puddle Of Mudd,rock,2001-01-01,2001,419,125
Diet Coke,Pusha T,hip_hop,2022-02-08,2022,425,220
Won't Trade,Q-Tip,hip_hop,2008-11-04,2008,619,341
"Leave Em Alone (Layton Greene, Lil Baby feat. City Girls, PnB Rock)",Quality Control,hip_hop,2019-08-16,2019,506,267
Catchin' The Vibe,Quasimoto,hip_hop,2013-06-18,2013,338,153
Shooters Inside My Crib,Quavo,hip_hop,2022-01-28,2022,368,164
When You're Good To Mama,Queen Latifah,hip_hop,2001-01-01,2001,242,134
Medicine,Queen Naija,dance_pop,2018-06-08,2018,520,247
Go With The Flow,Queens of the Stone Age,rock,2002-01-01,2002,177,92
Sugar Daddy,Qveen Herby,dance_pop,2020-05-26,2020,501,200
Party Shaker - Edit,R.I.O.,dance_pop,2012-01-01,2012,215,125
All Around The World (La La La),R3HAB,dance_pop,2019-04-05,2019,383,80
Call On Me,RAYE,dance_pop,2021-06-11,2021,380,122
Show Stop,REASON,hip_hop,2020-10-09,2020,500,215
Plug Addicts,RZA,hip_hop,2021-12-10,2021,602,371
Fight Song,Rachel Platten,dance_pop,2016-01-01,2016,345,133
This Could Be Us,Rae Sremmurd,hip_hop,2015-01-06,2015,601,199
Queens Don't,RaeLynn,country,2018-03-16,2018,328,128
Don't Come Easy,Raheem DeVaughn,hip_hop,2018-10-19,2018,291,113
Runnin' Outta Moonlight,Randy Houser,country,2013-01-22,2013,400,150
Three Wooden Crosses,Randy Travis,country,2015-04-21,2015,319,147
Love That Girl,Raphael Saadiq,hip_hop,2008,2008,283,140
OooWee,Rapsody,hip_hop,2016-11-17,2016,807,325
What Hurts The Most,Rascal Flatts,country,2006-01-01,2006,289,138
Golden Touch - Full Length,Razorlight,rock,2004,2004,387,113
Consider Me Gone,Reba McEntire,country,2009-01-01,2009,290,132
Read My Mind,Rebecca Black,dance_pop,2021-12-17,2021,362,128
Forgive,Rebecca Lynn Howard,country,2002-01-01,2002,206,116
Cisco Kid,Redman,hip_hop,2001-01-01,2001,654,347
Move Somethin',Reflection Eternal,hip_hop,2000-10-17,2000,470,261
Ride It,Regard,dance_pop,2019-07-26,2019,392,138
Wanna Don't Wanna,Reignwolf,rock,2019-03-01,2019,357,98
Feels So Good,Remy Ma,hip_hop,2006-01-01,2006,703,201
Heart's In Your Head,Renee Blair,country,2021-11-05,2021,362,104
"Flex (Ooh, Ooh, Ooh)",Rich Homie Quan,hip_hop,2015-02-10,2015,566,226
Plug Walk,Rich The Kid,hip_hop,2018-03-30,2018,434,188
A Song For The Lovers,Richard Ashcroft,rock,2000-01-01,2000,282,117
Hustlin',Rick Ross,hip_hop,2006-01-01,2006,603,266
Smack A Bitch,Rico Nasty,dance_pop,2020-12-03,2020,383,209
S&M,Rihanna,dance_pop,2010-01-01,2010,529,114
XS,Rina Sawayama,dance_pop,2020-04-17,2020,460,146
Let You Love Me,Rita Ora,dance_pop,2018-11-23,2018,499,103
Turn Me On (feat. Vula),Riton,dance_pop,2019-09-13,2019,296,100
Pressure and Time,Rival Sons,rock,2011-06-21,2011,167,101
Feel,Robbie Williams,dance_pop,2002,2002,254,105
Can't Let Go,Robert Plant,rock,2021-11-19,2021,376,117
Young Right Now,Robin Schulz,dance_pop,2021-11-12,2021,282,77
Blurred Lines,Robin Thicke,dance_pop,2013-01-01,2013,792,276
With Every Heartbeat,Robyn,dance_pop,2005-04-27,2005,162,55
Watching You,Rodney Atkins,country,2006-07-18,2006,385,194
If Tomorrow Never Comes,Ronan Keating,dance_pop,2002-01-01,2002,268,127
Cost Of Livin',Ronnie Dunn,country,2011-06-07,2011,318,174
Smoky Mountain Rain,Ronnie Milsap,country,2019-06-28,2019,249,120
Figure It Out,Royal Blood,rock,2014-08-22,2014,261,77
Airplanes (Freestyle),"Royce Da 5'9""",hip_hop,2010-07-13,2010,430,275
Call Me Mother,RuPaul,dance_pop,2017-03-24,2017,567,254
Waiting All Night (feat. Ella Eyre),Rudimental,dance_pop,2013-04-26,2013,462,38
GROWING UP IS _____,Ruel,dance_pop,2021-12-08,2021,411,146
ooh la la (feat. Greg Nice & DJ Premier),Run The Jewels,hip_hop,2020-06-03,2020,556,388
It's Like That,Run–D.M.C.,hip_hop,2002-09-10,2002,461,225
Yours,Russell Dickerson,country,2017-06-16,2017,307,119
Chasing After You,Ryan Hurd,country,2021-10-15,2021,355,121
Overpowered,Róisín Murphy,dance_pop,2007-10-01,2007,190,78
Never Had A Dream Come True,S Club 7,dance_pop,2000-01-01,2000,450,145
One Step Closer,S Club Juniors,dance_pop,2002-01-01,2002,268,93
You Don't Own Me (feat. G-Eazy),SAYGRACE,dance_pop,2016-07-01,2016,382,173
Immaterial,SOPHIE,dance_pop,2018-06-15,2018,358,98
Photosynthesis,Saba,hip_hop,2016-10-27,2016,605,269
Sue Me,Sabrina Carpenter,dance_pop,2018-11-09,2018,366,141
Gas Pedal,Sage The Gemini,dance_pop,2014-03-25,2014,579,229
My Type,Saint Motel,rock,2014-06-17,2014,188,82
Black Love,Salaam Remi,hip_hop,2020-11-11,2020,503,130
Post Malone (feat. RANI),Sam Feldt,dance_pop,2019-08-16,2019,542,390
This City,Sam Fischer,dance_pop,2019-12-11,2019,338,121
Like I Can,Sam Smith,dance_pop,2014-01-01,2014,306,109
Step Up,Samantha Jade,dance_pop,2007-09-07,2007,608,158
Always Come Back To Your Love,Samantha Mumba,dance_pop,2006-01-01,2006,246,80
Love Song,Sara Bareilles,dance_pop,2007-07-03,2007,447,163
A Little Bit Stronger,Sara Evans,country,2011-03-07,2011,364,133
Hard Things,Sarah Buxton,country,2021-10-20,2021,289,113
My Type,Saweetie,dance_pop,2019-03-29,2019,403,156
Studio,ScHoolboy Q,hip_hop,2014-01-01,2014,557,183
On My Block,Scarface,hip_hop,2002-01-01,2002,544,253
Take Your Mama,Scissor Sisters,dance_pop,2004-01-01,2004,430,179
Still Loving You,Scorpions,rock,2011-11-04,2011,279,100
Five More Minutes,Scotty McCreery,country,2018-01-12,2018,366,174
She's So Lovely,Scouting For Girls,dance_pop,2007-09-17,2007,463,92
Call Me Out,Sea Girls,rock,2017-06-08,2017,338,115
Beautiful Girls,Sean Kingston,dance_pop,2007-07-23,2007,419,178
No Lie,Sean Paul,dance_pop,2018-06-29,2018,762,202
Peep My Words,Sean Price,hip_hop,2005-11-22,2005,407,233
Reload - Radio Edit,Sebastian Ingrosso,dance_pop,2013-01-01,2013,190,65
Drink About,Seeb,dance_pop,2021-01-29,2021,465,93
Wolves,Selena Gomez,dance_pop,2017-10-25,2017,381,98
Who Says,Selena Gomez & The Scene,dance_pop,2011-01-01,2011,402,139
Cry For You,September,dance_pop,2007,2007,457,91
Wolf in Sheep's Clothing,Set It Off,rock,2014-10-14,2014,388,201
Hips Don't Lie (feat. Wyclef Jean),Shakira,dance_pop,2005-11-28,2005,709,275
Señorita,Shawn Mendes,dance_pop,2019-06-19,2019,396,157
Breathless,Shayne Ward,dance_pop,2007-11-26,2007,312,126
Geronimo,Sheppard,dance_pop,2015-01-12,2015,313,109
Real Gone,Sheryl Crow,rock,2006-01-01,2006,325,159
Impossible,Shontelle,dance_pop,2010-01-01,2010,371,130
SLIME,Shygirl,dance_pop,2020-10-21,2020,365,165
Bad Boyz (feat. Barrington Levy),Shyne,hip_hop,2000,2000,592,300
Melody,Sigala,dance_pop,2022-01-21,2022,319,91
Changing,Sigma,dance_pop,2015-12-04,2015,339,96
Mirror,Sigrid,dance_pop,2021-05-26,2021,279,90
Straight Lines,Silverchair,rock,2007-03-31,2007,261,111
The Afterglow,Silverstein,rock,2017-07-14,2017,367,113
Panic Switch,Silversun Pickups,rock,2009-06-26,2009,357,119
High,Sir Sly,rock,2017-06-30,2017,385,132
You’re Not The One,Sky Ferreira,dance_pop,2013-01-01,2013,258,100
Bed-Stuy is Burning,Skyzoo,hip_hop,2021-06-11,2021,1047,331
World on Fire,Slash,rock,2014-09-08,2014,308,144
Clouds,Slayyyter,dance_pop,2021-06-11,2021,207,99
If You Can't Hang,Sleeping With Sirens,rock,2011-05-10,2011,555,182
Thug,Slim Thug,hip_hop,2009-03-24,2009,640,218
Selfish,Slum Village,hip_hop,2004-01-01,2004,726,322
"Santos Party House feat. Big K.R.I.T., Girl Talk",Smoke DZA,hip_hop,2020-10-02,2020,434,243
All My Friends (feat. Tinashe & Chance the Rapper),Snakehips,dance_pop,2015-10-21,2015,686,353
I Want You Around,Snoh Aalegra,dance_pop,2019-08-16,2019,328,123
"Young, Wild & Free (feat. Bruno Mars)",Snoop Dogg,hip_hop,2011-12-12,2011,600,336
Chasing Cars,Snow Patrol,rock,2006-01-01,2006,217,108
You Can Buy Everything,SoMo,dance_pop,2015-09-11,2015,341,90
Chillin' Like a Villain,Sofia Carson,dance_pop,2017-07-21,2017,450,166
Casualidad,Sofía Reyes,dance_pop,2022-02-10,2022,435,200
Almeda,Solange,dance_pop,2019-03-01,2019,419,159
Incinerate,Sonic Youth,rock,2006-01-01,2006,123,85
Last Thought (feat. MKLA),Sonny Fodera,dance_pop,2021-10-22,2021,297,65
Murder On The Dancefloor,Sophie Ellis-Bextor,dance_pop,2001-01-01,2001,371,83
Kiss Me Thru The Phone,Soulja Boy,dance_pop,2008-01-01,2008,532,134
Made,Spencer Crandall,country,2021-09-17,2021,347,145
I Got Five On It Remix,Spice 1,hip_hop,2001-11-13,2001,760,394
M.O.M,Spillage Village,hip_hop,2016-12-02,2016,576,231
Inside Out,Spoon,rock,2014-08-05,2014,140,80
I'm Not Missing You,Stacie Orrico,dance_pop,2006-01-01,2006,632,191
It's Been Awhile,Staind,rock,2001-05-22,2001,284,117
Keep It Moving,Statik Selektah,hip_hop,2020-11-27,2020,401,268
Eyes Of A Panther,Steel Panther,rock,2009-01-01,2009,289,137
It's the Way You Make Me Feel,Steps,dance_pop,2000-10-30,2000,135,76
Maybe Tomorrow,Stereophonics,rock,2003-01-01,2003,165,80
Just Hold On,Steve Aoki,dance_pop,2018-11-09,2018,304,116
Brand New Girlfriend,Steve Holy,country,2006-08-08,2006,248,142
Through Glass,Stone Sour,rock,2006,2006,502,132
Plush - Acoustic,Stone Temple Pilots,rock,2003-11-10,2003,275,76
Good Times,Styles P,hip_hop,2002-01-01,2002,751,254
Life is Golden,Suede,rock,2018-09-21,2018,233,86
Push The Button,Sugababes,dance_pop,2005,2005,551,176
Stuck Like Glue,Sugarland,country,2010-01-01,2010,570,169
In Too Deep,Sum 41,rock,2001-01-01,2001,320,129
She Said,Sundara Karma,rock,2017-07-07,2017,377,140
Grow Old with Me,Sunny Sweeney,country,2017-03-10,2017,248,132
"Tales of Endurance, Pt. 4, 5 & 6",Supergrass,rock,2005-06-13,2005,184,137
Moth To A Flame (with The Weeknd),Swedish House Mafia,dance_pop,2021-10-22,2021,465,305
Breathe (feat. kaspara),Syn Cole,dance_pop,2021-01-22,2021,306,104
Chop Suey!,System Of A Down,rock,2001-09-04,2001,304,87
Bartender (feat. Akon),T-Pain,dance_pop,2007-06-05,2007,642,255
Whatever You Like,T.I.,hip_hop,2008-09-07,2008,625,172
The Pot,TOOL,rock,2006-04-28,2006,320,142
Wolf Like Me,TV On The Radio,rock,2006-01-01,2006,387,199
Hangover,Taio Cruz,dance_pop,2011-01-01,2011,469,156
Patience,Take That,dance_pop,2006-01-01,2006,210,95
Get By,Talib Kweli,hip_hop,2002-12-16,2002,714,295
Love and War,Tamar Braxton,dance_pop,2013-09-03,2013,359,164
Officially Missing You,Tamia,dance_pop,2004,2004,293,129
you broke me first,Tate McRae,dance_pop,2020-04-17,2020,344,131
From The D To The A (feat. Lil Yachty),Tee Grizzley,hip_hop,2017-03-17,2017,358,248
The Metal,Tenacious D,rock,2006-11-02,2006,167,80
Somebody Like That,Tenille Arts,country,2020-01-10,2020,307,142
Girl Who Didn't Care,Tenille Townes,country,2021-06-25,2021,330,140
I Just Wanna Be Mad,Terri Clark,country,2003-01-01,2003,312,127
Inner Smile,Texas,dance_pop,2000-10-15,2000,337,117
Gonna Love Me,Teyana Taylor,dance_pop,2018-06-23,2018,330,128
"New York, New York",Tha Dogg Pound,hip_hop,2001-05-01,2001,685,367
No Me Acuerdo,Thalia,dance_pop,2018-11-09,2018,461,142
Somebody Else,The 1975,rock,2016-02-26,2016,485,126
W.Y.G.D.T.N.S. (feat. ScHoolboy Q),The Alchemist,hip_hop,2019-07-29,2019,539,314
Gives You Hell,The All-American Rejects,rock,2008-01-01,2008,486,151
Put a Flower in Your Pocket,The Arcs,rock,2015-08-28,2015,234,111
Better Dig Two,The Band Perry,country,2013-01-01,2013,357,160
Se Acabo,The Beatnuts,hip_hop,2001-03-10,2001,560,352
Howlin' for You,The Black Keys,rock,2010-05-18,2010,172,77
Shakin' Off The Rust,The Blue Stones,rock,2021-03-19,2021,335,119
An Honest Mistake,The Bravery,rock,2005-01-01,2005,159,65
Something Just Like This,The Chainsmokers,dance_pop,2017-04-07,2017,317,102
Amigas Cheetahs,The Cheetah Girls,dance_pop,2006-01-01,2006,427,195
Landslide,The Chicks,country,2002-08-27,2002,186,83
Dreaming of You,The Coral,rock,2002-02-26,2002,168,88
Breathless,The Corrs,dance_pop,2000-07-17,2000,320,115
The Guillotine,The Coup,hip_hop,2012-10-30,2012,551,223
We Used To Be Friends,The Dandy Warhols,rock,2003-01-01,2003,281,91
I Believe in a Thing Called Love,The Darkness,rock,2003-07-07,2003,211,79
I Feel Love (Every Million Miles),The Dead Weather,rock,2015-09-25,2015,232,62
Dipset Anthem,The Diplomats,hip_hop,2003-03-25,2003,665,330
"Yoshimi Battles the Pink Robots, Pt. 1",The Flaming Lips,rock,2002-05-13,2002,229,85
Happiness,The Foreign Exchange,hip_hop,2004,2004,671,300
Whistle For The Choir,The Fratellis,rock,2006-01-01,2006,331,149
El Chapo,The Game,hip_hop,2015-10-16,2015,697,318
S.O.S. (Sawed Off Shotgun),The Glorious Sons,rock,2017-10-27,2017,353,106
How You Like Me Now,The Heavy,rock,2009-10-05,2009,252,94
Hate To Say I Told You So,The Hives,rock,2000,2000,202,107
Bonfire,The Hunna,rock,2016-08-26,2016,309,99
Heaven's Just A Sin Away,The Kendalls,country,2006-01-01,2006,165,78
Mr. Brightside,The Killers,rock,2004,2004,298,113
Future Starts Slow,The Kills,rock,2011-04-04,2011,268,97
Naive,The Kooks,rock,2006-01-01,2006,352,98
"Ryde Or Die, B****",The LOX,hip_hop,2000-01-01,2000,584,312
"Sweet Dreams, TN",The Last Shadow Puppets,rock,2016-04-01,2016,210,131
Don't Look Back into the Sun,The Libertines,rock,2003-08-18,2003,185,87
Black Butterflies and Déjà Vu,The Maine,rock,2017-04-07,2017,357,110
Rita Is Gone,The Marcus King Band,rock,2016-10-07,2016,231,108
Inertiatic Esp,The Mars Volta,rock,2003-01-01,2003,216,100
"You're Gonna Go Far, Kid",The Offspring,rock,2008-06-17,2008,378,150
Take Her Back,The Pigeon Detectives,rock,2007-05-27,2007,447,99
Buttons,The Pussycat Dolls,dance_pop,2005-01-01,2005,575,147
"Steady, As She Goes",The Raconteurs,rock,2006-05-15,2006,350,107
Rita Mae Young,The Record Company,rock,2016-01-01,2016,201,119
Wish I Knew You,The Revivalists,rock,2015-07-15,2015,377,118
The Seed (2.0),The Roots,hip_hop,2002,2002,561,257
What About Us,The Saturdays,dance_pop,2013-01-01,2013,502,155
Unstoppable,The Score,rock,2017-10-13,2017,297,97
Hall of Fame (feat. will.i.am),The Script,dance_pop,2012-09-10,2012,500,126
Glasgow,The Snuts,rock,2021-04-02,2021,261,80
Clairvoyant,The Story So Far,rock,2013-06-18,2013,192,97
Last Nite,The Strokes,rock,2001-07-30,2001,217,94
That's Not My Name,The Ting Tings,dance_pop,2007,2007,807,206
Novocaine,The Unlikely Candidates,rock,2019-03-22,2019,451,106
The Taste of Ink,The Used,rock,2002-06-25,2002,381,141
Want You So Bad,The Vaccines,rock,2015-05-26,2015,194,82
Somebody To You,The Vamps,dance_pop,2014-01-01,2014,492,131
You Ruin Me,The Veronicas,dance_pop,2014-10-24,2014,231,102
Ride,The Vines,rock,2004-01-01,2004,137,68
Glad You Came,The Wanted,dance_pop,2011-01-01,2011,358,104
We're Going to Be Friends,The White Stripes,rock,2001-07-03,2001,268,148
Greek Tragedy,The Wombats,rock,2015-01-13,2015,206,135
Fvck Somebody,The Wrecks,rock,2020-05-01,2020,332,114
Shawty Is Da Shit,The-Dream,hip_hop,2007-01-01,2007,621,268
New Fang,Them Crooked Vultures,rock,2009-11-17,2009,235,143
The Kill,Thirty Seconds To Mars,rock,2005-01-01,2005,241,101
Die A Happy Man,Thomas Rhett,country,2015-01-01,2015,329,147
Are You Gonna Kiss Me Or Not,Thompson Square,country,2011-02-08,2011,351,154
Half On a Sack,Three 6 Mafia,hip_hop,2005-09-27,2005,658,239
Humble And Kind,Tim McGraw,country,2015-01-01,2015,287,139
The Way I Are,Timbaland,hip_hop,2007-01-01,2007,662,185
Undress Rehearsal,Timeflies,dance_pop,2015-09-18,2015,435,141
X,Tinashe,dance_pop,2021-08-06,2021,418,180
Number 1,Tinchy Stryder,dance_pop,2009-01-01,2009,680,246
Girls Like (feat. Zara Larsson),Tinie Tempah,dance_pop,2017-03-31,2017,545,269
The Motto,Tiësto,dance_pop,2021-11-04,2021,364,125
As Good As I Once Was,Toby Keith,country,2005-01-01,2005,373,195
I Like Boys,Todrick Hall,dance_pop,2019-05-23,2019,524,195
Mary Jane's Last Dance,Tom Petty and the Heartbreakers,rock,2008-05-20,2008,285,153
He Wasn't Man Enough,Toni Braxton,dance_pop,2000,2000,722,235
Drama Setter,Tony Yayo,hip_hop,2005-01-01,2005,936,396
Blow the Whistle,Too $hort,hip_hop,2006-08-28,2006,409,246
In Your Arms (For An Angel),Topic,dance_pop,2022-01-28,2022,314,104
Dear No One,Tori Kelly,dance_pop,2013-01-01,2013,329,123
Habits (Stay High),Tove Lo,dance_pop,2014-01-01,2014,343,135
Honky Tonk Badonkadonk,Trace Adkins,country,2005-01-01,2005,419,212
Drinkin' Bone,Tracy Byrd,country,2003-01-01,2003,261,105
Paint Me a Birmingham,Tracy Lawrence,country,2011-06-08,2011,291,128
"Hey, Soul Sister",Train,dance_pop,2010-12-01,2010,305,139
Sing,Travis,rock,2001-06-12,2001,186,82
Dirt Road Down,Travis Denning,country,2021-08-06,2021,318,137
One Wing In The Fire,Trent Tomlinson,country,2006-01-01,2006,296,148
Slow Motion,Trey Songz,dance_pop,2015-06-23,2015,280,112
I'm a Thug,Trick Daddy,hip_hop,2001-03-20,2001,652,249
Pour Me,Trick Pony,country,2001,2001,309,118
Shallow (The Duet with Garth Brooks and Trisha Yearwood),Trisha Yearwood,country,2021-02-05,2021,238,105
Fight the Good Fight,Triumph,rock,2010-05-14,2010,285,156
Angel Baby,Troye Sivan,dance_pop,2021-09-09,2021,342,150
Underwater,Tujamo,dance_pop,2021-07-30,2021,239,67
Wicked Wonderland,Tungevaag,dance_pop,2015-01-29,2015,299,81
Oops (Oh My) [feat. Missy Elliott],Tweet,hip_hop,2002-04-02,2002,357,124
Stressed Out,Twenty One Pilots,rock,2015-05-15,2015,539,168
Slow Jamz,Twista,hip_hop,2004-02-10,2004,1139,381
What You Know,Two Door Cinema Club,rock,2010-02-17,2010,234,87
Redneck Crazy,Tyler Farr,country,2013-09-27,2013,263,126
Leave Her Wild,Tyler Rich,country,2020-09-04,2020,398,116
NEW MAGIC WAND,"Tyler, The Creator",hip_hop,2019-05-17,2019,531,253
I Don't Wanna Be Me,Type O Negative,rock,2003-06-09,2003,268,79
How You Gonna Act Like That,Tyrese,hip_hop,2002-12-01,2002,710,233
A Little Samba,Ugly Duckling,hip_hop,2000,2000,509,246
Follow Me,Uncle Kracker,country,2000-06-13,2000,365,101
Lady In Black,Uriah Heep,rock,2009-10-02,2009,335,184
My Boo,Usher,dance_pop,2004-03-23,2004,587,173
Reverse (feat. G-Eazy),VIC MENSA,hip_hop,2018-12-14,2018,567,387
Rise Up (feat. Vamero),VINAI,dance_pop,2020-05-01,2020,274,69
Thank You [Not So Bad],VIZE,dance_pop,2020-02-07,2020,509,60
A-Punk,Vampire Weekend,rock,2008-01-27,2008,179,97
Say OK,Vanessa Hudgens,dance_pop,2006-01-01,2006,415,136
Slither,Velvet Revolver,rock,2004,2004,219,79
"Boom, Boom, Boom, Boom!!",Vengaboys,dance_pop,2000,2000,318,78
Not Such An Innocent Girl,Victoria Beckham,dance_pop,2001-01-01,2001,430,139
Coastin’,Victoria Monét,dance_pop,2021-08-05,2021,317,113
Take A Hint,Victorious Cast,dance_pop,2012-09-14,2012,440,165
Friday Night‬‬‬,Vigiland,dance_pop,2017-04-28,2017,326,105
Vaudeville Villain,Viktor Vaughn,hip_hop,2003,2003,417,290
ARE YOU WITH THAT?,Vince Staples,hip_hop,2021-07-09,2021,436,226
Shut Up and Dance,WALK THE MOON,rock,2014-12-02,2014,368,107
The Streets - Re-Twist,WC,hip_hop,2002-01-01,2002,719,331
t r a n s p a r e n t s o u l feat. Travis Barker,WILLOW,dance_pop,2021-07-16,2021,397,277
No Hands (feat. Roscoe Dash & Wale),Waka Flocka Flame,hip_hop,2010-10-01,2010,737,309
Lotus Flower Bomb (feat. Miguel),Wale,hip_hop,2011-10-28,2011,580,285
Fancy Like,Walker Hayes,country,2022-01-21,2022,422,179
Party We Will Throw Now!,Warren G,hip_hop,2012-04-24,2012,636,306
I Miss Having Sex But At Least I Don't Wanna Die Anymore,Waterparks,rock,2019-10-11,2019,361,134
Happy Pills,Weathers,rock,2016-06-03,2016,266,87
Island In The Sun,Weezer,rock,2001-05-15,2001,218,86
My Love,Westlife,dance_pop,2000,2000,367,116
Gangsta Nation,Westside Connection,hip_hop,2003-12-09,2003,917,345
Farewell To The Fairground,White Lies,rock,2009,2009,221,111
How Will I Know,Whitney Houston,dance_pop,2021-09-24,2021,417,119
Fallin’ (Adrenaline),Why Don't We,dance_pop,2021-01-15,2021,444,144
"Jesus, Etc.",Wilco,rock,2002-04-16,2002,229,83
Evergreen,Will Young,dance_pop,2002,2002,296,84
See You Again (feat. Charlie Puth),Wiz Khalifa,hip_hop,2015,2015,701,363
Joker And The Thief,Wolfmother,rock,2005-01-01,2005,259,112
Renegades,X Ambassadors,rock,2015-06-30,2015,234,78
X,Xzibit,hip_hop,2000-04-02,2000,789,365
"BIG BANK (feat. 2 Chainz, Big Sean, Nicki Minaj)",YG,hip_hop,2018-08-03,2018,541,366
Seize the Power,YONAKA,rock,2021-07-15,2021,336,143
parents,YUNGBLUD,rock,2020-12-04,2020,377,170
Heads Will Roll - A-Trak Remix,Yeah Yeah Yeahs,rock,2009-01-01,2009,580,366
Sweet Talker,Years & Years,dance_pop,2022-01-21,2022,330,119
You and Me,Yelawolf,hip_hop,2019-11-01,2019,425,194
That's On Me,Yella Beezy,hip_hop,2017-12-21,2017,784,239
Ocean Avenue,Yellowcard,rock,2003-01-01,2003,278,127
Salt Shaker,Ying Yang Twins,hip_hop,2004-01-01,2004,679,257
Rake It Up (feat. Nicki Minaj),Yo Gotti,hip_hop,2017-10-27,2017,475,315
Take on the World,You Me At Six,rock,2017-01-06,2017,295,112
Narcotic,YouNotUs,dance_pop,2019-04-26,2019,279,142
Get Buck,Young Buck,hip_hop,2006-01-01,2006,678,283
1 Scale (feat. G Herbo),Young Dolph,hip_hop,2020-08-14,2020,396,211
Trophies,Young Money,hip_hop,2014-01-01,2014,528,333
Hell Shell,Young Nudy,hip_hop,2017-09-13,2017,556,196
Bubbly (with Drake & Travis Scott),Young Thug,hip_hop,2021-10-15,2021,402,257
Cough Syrup,Young the Giant,rock,2011,2011,284,107
Not So Bad (feat. Emie),Yves V,dance_pop,2020-01-03,2020,364,260
Dusk Till Dawn (feat. Sia) - Radio Edit,ZAYN,dance_pop,2018-12-14,2018,448,123
Chicken Fried,Zac Brown Band,country,2008-11-17,2008,379,148
fafo,Zack Fox,hip_hop,2021-10-15,2021,453,238
Ruin My Life,Zara Larsson,dance_pop,2021-03-05,2021,632,96
The Middle,Zedd,dance_pop,2018-01-23,2018,375,120
Replay,Zendaya,dance_pop,2013-01-01,2013,364,109
Candlelight,Zhavia,dance_pop,2018-07-26,2018,291,124
Coastin',Zion I,hip_hop,2009-02-09,2009,411,216
GOOD GRIEF,cleopatrick,rock,2021-06-04,2021,320,136
Cpr,cupcakKe,dance_pop,2017-03-31,2017,613,295
We Are Young (feat. Janelle Monáe),fun.,rock,2012-02-14,2012,358,143
Blood // Water,grandson,rock,2018-05-04,2018,320,113
broken,lovelytheband,rock,2018-08-03,2018,276,97
Doorman,slowthai,hip_hop,2019-05-17,2019,446,282
All The Things She Said,t.A.T.u.,dance_pop,2002,2002,563,147
Wildflower,the JaneDear girls,country,2009,2009,264,107
Bloodstream,twocolors,dance_pop,2021-03-12,2021,314,82
I Like To Move It,will.i.am,dance_pop,2022-02-14,2022,677,177
